Timestamp,IP,URL,Gender,Hour,Country,Sport,Continent
2024-05-04 03:30:22.720125,202.15.129.169,/basketball.html,Female,3,Unknown,basketball,Unknown
2024-05-01 13:21:48.237240,137.97.91.247,/swimming.html,Female,13,Unknown,swimming,Unknown
2024-05-15 15:07:49.337580,195.71.61.143,/swimming.html,Male,15,Unknown,swimming,Unknown
2024-05-01 22:37:53.547106,255.173.135.193,/football.html,Male,22,Unknown,football,Unknown
2024-05-13 22:34:50.162287,137.97.91.247,/athletics.html,Female,22,Unknown,athletics,Unknown
2024-05-03 04:43:29.740576,202.15.129.169,/athletics.html,Male,4,Unknown,athletics,Unknown
2024-05-08 07:24:12.702097,170.159.247.26,/athletics.html,Female,7,Unknown,athletics,Unknown
2024-05-09 02:34:24.407565,182.133.87.187,/basketball.html,Female,2,Unknown,basketball,Unknown
2024-05-11 17:55:16.552590,202.15.129.169,/basketball.html,Female,17,Unknown,basketball,Unknown
2024-05-12 02:51:56.960106,116.142.33.180,/cycling.html,Male,2,Unknown,cycling,Unknown
2024-05-12 23:48:35.471431,137.97.91.247,/swimming.html,Female,23,Unknown,swimming,Unknown
2024-05-01 22:31:28.922513,137.97.91.247,/football.html,Male,22,Unknown,football,Unknown
2024-05-05 07:48:08.454702,182.133.87.187,/football.html,Female,7,Unknown,football,Unknown
2024-05-17 00:32:20.148630,134.239.63.70,/athletics.html,Male,0,Unknown,athletics,Unknown
2024-05-05 06:14:18.978041,202.15.129.169,/swimming.html,Female,6,Unknown,swimming,Unknown
2024-05-08 22:15:26.611271,255.173.135.193,/swimming.html,Male,22,Unknown,swimming,Unknown
2024-05-19 03:12:44.898785,137.97.91.247,/basketball.html,Female,3,Unknown,basketball,Unknown
2024-05-19 05:01:31.596449,116.142.33.180,/football.html,Female,5,Unknown,football,Unknown
2024-05-10 03:27:26.555793,202.15.129.169,/athletics.html,Female,3,Unknown,athletics,Unknown
2024-05-04 04:20:24.937653,170.159.247.26,/athletics.html,Female,4,Unknown,athletics,Unknown
2024-05-15 07:15:06.488861,116.142.33.180,/cycling.html,Male,7,Unknown,cycling,Unknown
2024-05-11 06:12:41.704511,131.205.24.151,/athletics.html,Female,6,Unknown,athletics,Unknown
2024-05-17 17:55:40.364887,170.159.247.26,/swimming.html,Female,17,Unknown,swimming,Unknown
2024-05-03 05:36:54.072337,182.133.87.187,/basketball.html,Female,5,Unknown,basketball,Unknown
2024-05-17 09:38:31.962008,134.239.63.70,/athletics.html,Female,9,Unknown,athletics,Unknown
2024-05-01 01:58:39.106268,202.15.129.169,/cycling.html,Female,1,Unknown,cycling,Unknown
2024-05-12 22:13:02.373118,116.142.33.180,/swimming.html,Female,22,Unknown,swimming,Unknown
2024-05-17 02:20:33.663437,170.159.247.26,/athletics.html,Male,2,Unknown,athletics,Unknown
2024-05-06 03:00:16.361775,195.71.61.143,/swimming.html,Female,3,Unknown,swimming,Unknown
2024-05-18 11:52:08.387318,131.205.24.151,/swimming.html,Female,11,Unknown,swimming,Unknown
2024-05-10 12:25:29.498345,195.71.61.143,/basketball.html,Male,12,Unknown,basketball,Unknown
2024-05-19 09:52:28.057528,195.71.61.143,/swimming.html,Male,9,Unknown,swimming,Unknown
2024-05-12 16:55:10.097391,170.159.247.26,/football.html,Female,16,Unknown,football,Unknown
2024-05-09 19:08:59.236198,202.15.129.169,/swimming.html,Male,19,Unknown,swimming,Unknown
2024-05-19 07:15:18.336279,255.173.135.193,/athletics.html,Male,7,Unknown,athletics,Unknown
2024-05-08 17:45:15.205449,202.19.39.82,/cycling.html,Female,17,Unknown,cycling,Unknown
2024-05-19 20:44:42.401911,116.142.33.180,/athletics.html,Female,20,Unknown,athletics,Unknown
2024-05-09 01:48:57.573238,202.15.129.169,/cycling.html,Female,1,Unknown,cycling,Unknown
2024-05-18 18:47:22.229999,137.97.91.247,/football.html,Male,18,Unknown,football,Unknown
2024-05-06 14:29:09.216675,134.239.63.70,/athletics.html,Female,14,Unknown,athletics,Unknown
2024-05-02 10:35:19.107894,195.71.61.143,/basketball.html,Female,10,Unknown,basketball,Unknown
2024-05-16 18:42:02.013194,255.173.135.193,/basketball.html,Female,18,Unknown,basketball,Unknown
2024-05-16 08:29:25.618229,182.133.87.187,/basketball.html,Male,8,Unknown,basketball,Unknown
2024-05-11 03:16:18.565175,182.133.87.187,/football.html,Male,3,Unknown,football,Unknown
2024-05-05 20:08:05.678999,116.142.33.180,/swimming.html,Male,20,Unknown,swimming,Unknown
2024-05-08 05:47:12.800491,255.173.135.193,/athletics.html,Male,5,Unknown,athletics,Unknown
2024-05-03 04:28:40.335056,116.142.33.180,/cycling.html,Male,4,Unknown,cycling,Unknown
2024-05-05 23:23:28.570606,131.205.24.151,/swimming.html,Female,23,Unknown,swimming,Unknown
2024-05-18 05:47:52.272082,255.173.135.193,/cycling.html,Female,5,Unknown,cycling,Unknown
2024-05-14 20:34:42.254239,116.142.33.180,/athletics.html,Male,20,Unknown,athletics,Unknown
2024-05-18 14:16:51.189093,202.15.129.169,/cycling.html,Female,14,Unknown,cycling,Unknown
2024-05-14 20:39:30.135702,131.205.24.151,/basketball.html,Female,20,Unknown,basketball,Unknown
2024-05-17 18:24:36.900907,170.159.247.26,/football.html,Male,18,Unknown,football,Unknown
2024-05-17 02:35:22.171358,134.239.63.70,/swimming.html,Female,2,Unknown,swimming,Unknown
2024-05-08 17:51:19.776008,255.173.135.193,/football.html,Male,17,Unknown,football,Unknown
2024-05-17 03:48:38.077614,195.71.61.143,/football.html,Male,3,Unknown,football,Unknown
2024-05-13 02:36:49.525289,182.133.87.187,/athletics.html,Female,2,Unknown,athletics,Unknown
2024-05-09 19:21:12.455251,195.71.61.143,/athletics.html,Female,19,Unknown,athletics,Unknown
2024-05-18 09:54:04.704215,116.142.33.180,/athletics.html,Male,9,Unknown,athletics,Unknown
2024-05-03 00:26:41.366903,202.19.39.82,/basketball.html,Male,0,Unknown,basketball,Unknown
2024-05-11 05:09:54.459747,131.205.24.151,/cycling.html,Male,5,Unknown,cycling,Unknown
2024-05-05 08:06:18.696086,137.97.91.247,/basketball.html,Female,8,Unknown,basketball,Unknown
2024-05-09 12:53:42.175790,255.173.135.193,/basketball.html,Male,12,Unknown,basketball,Unknown
2024-05-02 00:25:11.052965,170.159.247.26,/football.html,Male,0,Unknown,football,Unknown
2024-05-19 01:24:53.436294,255.173.135.193,/athletics.html,Female,1,Unknown,athletics,Unknown
2024-05-13 00:19:50.465456,202.19.39.82,/swimming.html,Female,0,Unknown,swimming,Unknown
2024-05-10 08:45:06.360134,255.173.135.193,/cycling.html,Male,8,Unknown,cycling,Unknown
2024-05-13 15:08:30.876866,202.15.129.169,/football.html,Female,15,Unknown,football,Unknown
2024-05-10 06:12:58.558644,182.133.87.187,/basketball.html,Male,6,Unknown,basketball,Unknown
2024-05-08 21:59:08.931412,116.142.33.180,/basketball.html,Female,21,Unknown,basketball,Unknown
2024-05-04 03:38:55.064964,137.97.91.247,/basketball.html,Male,3,Unknown,basketball,Unknown
2024-05-10 13:21:00.687787,182.133.87.187,/swimming.html,Female,13,Unknown,swimming,Unknown
2024-05-11 07:45:42.795550,202.15.129.169,/football.html,Female,7,Unknown,football,Unknown
2024-05-01 12:11:55.911456,137.97.91.247,/football.html,Female,12,Unknown,football,Unknown
2024-05-07 19:53:04.240003,170.159.247.26,/basketball.html,Male,19,Unknown,basketball,Unknown
2024-05-12 07:33:21.244770,202.19.39.82,/cycling.html,Female,7,Unknown,cycling,Unknown
2024-05-08 01:23:33.892780,134.239.63.70,/basketball.html,Male,1,Unknown,basketball,Unknown
2024-05-08 17:27:47.306975,255.173.135.193,/cycling.html,Male,17,Unknown,cycling,Unknown
2024-05-16 08:46:33.253743,182.133.87.187,/basketball.html,Male,8,Unknown,basketball,Unknown
2024-05-19 17:31:57.096821,202.15.129.169,/cycling.html,Female,17,Unknown,cycling,Unknown
2024-05-07 18:32:33.875166,134.239.63.70,/athletics.html,Female,18,Unknown,athletics,Unknown
2024-05-19 13:05:20.754114,131.205.24.151,/swimming.html,Male,13,Unknown,swimming,Unknown
2024-05-08 17:28:26.479187,137.97.91.247,/football.html,Male,17,Unknown,football,Unknown
2024-05-05 17:28:39.510268,202.19.39.82,/swimming.html,Male,17,Unknown,swimming,Unknown
2024-05-15 07:06:59.907012,134.239.63.70,/swimming.html,Male,7,Unknown,swimming,Unknown
2024-05-16 07:20:36.050797,134.239.63.70,/swimming.html,Female,7,Unknown,swimming,Unknown
2024-05-11 20:44:49.613040,182.133.87.187,/swimming.html,Female,20,Unknown,swimming,Unknown
2024-05-08 04:09:07.710959,182.133.87.187,/cycling.html,Male,4,Unknown,cycling,Unknown
2024-05-03 05:22:48.032316,202.19.39.82,/athletics.html,Female,5,Unknown,athletics,Unknown
2024-05-05 18:12:58.511170,182.133.87.187,/cycling.html,Female,18,Unknown,cycling,Unknown
2024-05-07 05:51:59.770916,170.159.247.26,/football.html,Male,5,Unknown,football,Unknown
2024-05-01 04:04:57.643904,255.173.135.193,/swimming.html,Female,4,Unknown,swimming,Unknown
2024-05-16 15:49:51.545524,116.142.33.180,/athletics.html,Female,15,Unknown,athletics,Unknown
2024-05-07 19:22:27.760294,255.173.135.193,/football.html,Female,19,Unknown,football,Unknown
2024-05-18 23:11:59.263763,202.15.129.169,/football.html,Male,23,Unknown,football,Unknown
2024-05-18 14:58:09.355725,131.205.24.151,/athletics.html,Male,14,Unknown,athletics,Unknown
2024-05-03 21:21:23.959977,134.239.63.70,/football.html,Male,21,Unknown,football,Unknown
2024-05-17 22:42:44.382351,195.71.61.143,/basketball.html,Male,22,Unknown,basketball,Unknown
2024-05-06 10:35:59.200262,202.19.39.82,/football.html,Male,10,Unknown,football,Unknown
2024-05-15 20:59:25.311761,202.15.129.169,/swimming.html,Female,20,Unknown,swimming,Unknown
