Timestamp,IP,URL,ResponseCode,Hour,Country,Sport,Continent,Gender
2024-05-21 23:03:02.469429,89.23.45.67,/basketball.html,304,23,Germany,basketball,Europe,Male
2024-05-23 03:39:02.469429,228.10.0.1,/basketball.html,200,3,USA,basketball,North America,Male
2024-05-20 06:22:02.469429,155.55.0.24,/football.html,404,6,Canada,football,North America,Female
2024-05-22 00:33:02.469429,203.0.113.0,/index.html,404,0,India,index,Asia,Female
2024-05-23 12:54:02.469429,54.240.196.186,/swimming.html,304,12,Netherlands,swimming,Europe,Male
2024-05-22 07:48:02.469429,120.25.45.67,/images/games.jpg,404,7,Japan,games,Asia,Male
2024-05-21 18:15:02.469429,157.20.30.10,/basketball.html,404,18,UK,basketball,Europe,Male
2024-05-19 15:17:02.469429,157.20.30.10,/tennis.html,304,15,UK,tennis,Europe,Female
2024-05-19 09:08:02.469429,203.0.113.195,/searchsports.php,404,9,South Africa,searchsports,Africa,Female
2024-05-21 04:42:02.469429,120.25.45.67,/images/games.jpg,304,4,Japan,games,Asia,Male
2024-05-21 10:15:02.469429,157.20.30.10,/searchsports.php,404,10,UK,searchsports,Europe,Male
2024-05-20 09:28:02.469429,155.55.0.24,/football.html,404,9,Canada,football,North America,Male
2024-05-19 06:29:02.469429,228.10.0.1,/images/games.jpg,304,6,USA,games,North America,Male
2024-05-24 22:30:02.469429,172.16.0.1,/tennis.html,304,22,Australia,tennis,Oceania,Female
2024-05-24 00:41:02.469429,172.16.0.1,/searchsports.php,404,0,Australia,searchsports,Oceania,Female
2024-05-22 22:48:02.469429,54.240.196.186,/images/games.jpg,404,22,Netherlands,games,Europe,Male
2024-05-18 13:52:02.469429,201.24.35.67,/tennis.html,404,13,Brazil,tennis,South America,Female
2024-05-23 12:26:02.469429,172.16.0.1,/basketball.html,200,12,Australia,basketball,Oceania,Male
2024-05-24 09:50:02.469429,120.25.45.67,/swimming.html,200,9,Japan,swimming,Asia,Male
2024-05-23 11:03:02.469429,120.25.45.67,/images/games.jpg,200,11,Japan,games,Asia,Male
2024-05-19 19:01:02.469429,228.10.0.1,/football.html,304,19,USA,football,North America,Male
2024-05-20 19:48:02.469429,157.20.30.10,/images/games.jpg,200,19,UK,games,Europe,Female
2024-05-20 06:54:02.469429,172.16.0.1,/swimming.html,404,6,Australia,swimming,Oceania,Male
2024-05-22 14:04:02.469429,203.0.113.0,/searchsports.php,304,14,India,searchsports,Asia,Female
2024-05-20 13:00:02.469429,155.55.0.24,/tennis.html,200,13,Canada,tennis,North America,Male
2024-05-19 15:54:02.469429,54.240.196.186,/football.html,200,15,Netherlands,football,Europe,Male
2024-05-23 19:23:02.469429,157.20.30.10,/images/games.jpg,404,19,UK,games,Europe,Female
2024-05-23 20:54:02.469429,201.24.35.67,/basketball.html,404,20,Brazil,basketball,South America,Male
2024-05-18 08:24:02.469429,228.10.0.1,/index.html,200,8,USA,index,North America,Female
2024-05-19 22:24:02.469429,228.10.0.1,/images/games.jpg,304,22,USA,games,North America,Female
2024-05-19 15:26:02.469429,228.10.0.1,/swimming.html,200,15,USA,swimming,North America,Female
2024-05-22 09:00:02.469429,203.0.113.0,/searchsports.php,304,9,India,searchsports,Asia,Male
2024-05-21 05:47:02.469429,201.24.35.67,/basketball.html,200,5,Brazil,basketball,South America,Female
2024-05-23 11:09:02.469429,157.20.30.10,/tennis.html,200,11,UK,tennis,Europe,Male
2024-05-23 20:41:02.469429,228.10.0.1,/athletics.html,404,20,USA,athletics,North America,Male
2024-05-21 18:45:02.469429,228.10.0.1,/tennis.html,404,18,USA,tennis,North America,Female
2024-05-21 15:25:02.469429,172.16.0.1,/tennis.html,404,15,Australia,tennis,Oceania,Male
2024-05-22 12:09:02.469429,172.16.0.1,/athletics.html,304,12,Australia,athletics,Oceania,Male
2024-05-22 23:02:02.469429,157.20.30.10,/images/games.jpg,304,23,UK,games,Europe,Male
2024-05-18 22:48:02.469429,201.24.35.67,/images/games.jpg,404,22,Brazil,games,South America,Male
2024-05-23 18:48:02.469429,155.55.0.24,/index.html,404,18,Canada,index,North America,Female
2024-05-21 06:44:02.469429,54.240.196.186,/images/games.jpg,404,6,Netherlands,games,Europe,Female
2024-05-19 03:54:02.469429,89.23.45.67,/football.html,200,3,Germany,football,Europe,Male
2024-05-22 13:45:02.469429,54.240.196.186,/football.html,200,13,Netherlands,football,Europe,Male
2024-05-20 05:33:02.469429,228.10.0.1,/basketball.html,404,5,USA,basketball,North America,Female
2024-05-21 08:04:02.469429,89.23.45.67,/tennis.html,404,8,Germany,tennis,Europe,Male
2024-05-23 05:02:02.469429,155.55.0.24,/athletics.html,304,5,Canada,athletics,North America,Female
2024-05-19 18:11:02.469429,203.0.113.195,/swimming.html,404,18,South Africa,swimming,Africa,Male
2024-05-20 01:31:02.469429,157.20.30.10,/index.html,304,1,UK,index,Europe,Male
2024-05-19 00:25:02.469429,120.25.45.67,/tennis.html,404,0,Japan,tennis,Asia,Male
2024-05-22 14:03:02.469429,201.24.35.67,/swimming.html,304,14,Brazil,swimming,South America,Male
2024-05-19 08:13:02.469429,203.0.113.0,/tennis.html,304,8,India,tennis,Asia,Male
2024-05-22 23:10:02.469429,155.55.0.24,/basketball.html,200,23,Canada,basketball,North America,Female
2024-05-20 13:44:02.469429,54.240.196.186,/football.html,404,13,Netherlands,football,Europe,Male
2024-05-19 20:02:02.469429,89.23.45.67,/tennis.html,404,20,Germany,tennis,Europe,Male
2024-05-18 04:30:02.469429,228.10.0.1,/swimming.html,404,4,USA,swimming,North America,Male
2024-05-18 01:05:02.469429,157.20.30.10,/basketball.html,304,1,UK,basketball,Europe,Female
2024-05-22 19:47:02.469429,203.0.113.0,/athletics.html,304,19,India,athletics,Asia,Female
2024-05-19 14:40:02.469429,203.0.113.195,/searchsports.php,304,14,South Africa,searchsports,Africa,Female
2024-05-18 12:38:02.469429,201.24.35.67,/tennis.html,404,12,Brazil,tennis,South America,Male
2024-05-21 19:07:02.469429,155.55.0.24,/swimming.html,304,19,Canada,swimming,North America,Male
2024-05-19 09:25:02.469429,54.240.196.186,/images/games.jpg,404,9,Netherlands,games,Europe,Female
2024-05-18 03:50:02.469429,54.240.196.186,/basketball.html,404,3,Netherlands,basketball,Europe,Male
2024-05-19 18:08:02.469429,172.16.0.1,/basketball.html,404,18,Australia,basketball,Oceania,Female
2024-05-20 17:52:02.469429,201.24.35.67,/football.html,404,17,Brazil,football,South America,Female
2024-05-24 05:19:02.469429,172.16.0.1,/searchsports.php,200,5,Australia,searchsports,Oceania,Female
2024-05-22 07:33:02.469429,203.0.113.0,/basketball.html,200,7,India,basketball,Asia,Male
2024-05-23 10:08:02.469429,157.20.30.10,/athletics.html,200,10,UK,athletics,Europe,Male
2024-05-20 20:41:02.469429,201.24.35.67,/tennis.html,404,20,Brazil,tennis,South America,Female
2024-05-19 23:58:02.469429,172.16.0.1,/athletics.html,304,23,Australia,athletics,Oceania,Female
2024-05-20 02:22:02.469429,120.25.45.67,/football.html,304,2,Japan,football,Asia,Male
2024-05-18 16:31:02.469429,203.0.113.195,/swimming.html,304,16,South Africa,swimming,Africa,Male
2024-05-21 12:46:02.469429,157.20.30.10,/football.html,404,12,UK,football,Europe,Female
2024-05-22 02:17:02.469429,157.20.30.10,/athletics.html,404,2,UK,athletics,Europe,Female
2024-05-19 04:49:02.469429,172.16.0.1,/football.html,304,4,Australia,football,Oceania,Female
2024-05-20 05:16:02.469429,157.20.30.10,/index.html,304,5,UK,index,Europe,Male
2024-05-22 04:17:02.469429,203.0.113.0,/athletics.html,404,4,India,athletics,Asia,Female
2024-05-22 20:59:02.469429,54.240.196.186,/tennis.html,304,20,Netherlands,tennis,Europe,Female
2024-05-19 16:20:02.469429,89.23.45.67,/athletics.html,404,16,Germany,athletics,Europe,Female
2024-05-24 16:45:02.469429,203.0.113.195,/swimming.html,304,16,South Africa,swimming,Africa,Male
2024-05-24 16:40:02.469429,203.0.113.195,/searchsports.php,304,16,South Africa,searchsports,Africa,Female
2024-05-19 18:05:02.469429,120.25.45.67,/swimming.html,304,18,Japan,swimming,Asia,Male
2024-05-21 02:49:02.469429,155.55.0.24,/index.html,304,2,Canada,index,North America,Female
2024-05-20 22:43:02.469429,120.25.45.67,/basketball.html,200,22,Japan,basketball,Asia,Male
2024-05-23 22:13:02.469429,172.16.0.1,/index.html,304,22,Australia,index,Oceania,Female
2024-05-18 16:08:02.469429,203.0.113.0,/tennis.html,200,16,India,tennis,Asia,Male
2024-05-23 05:42:02.469429,203.0.113.195,/index.html,404,5,South Africa,index,Africa,Male
2024-05-20 02:18:02.469429,157.20.30.10,/tennis.html,200,2,UK,tennis,Europe,Female
2024-05-20 00:29:02.469429,203.0.113.195,/athletics.html,304,0,South Africa,athletics,Africa,Male
2024-05-21 03:29:02.469429,172.16.0.1,/swimming.html,304,3,Australia,swimming,Oceania,Male
2024-05-18 05:54:02.469429,228.10.0.1,/index.html,404,5,USA,index,North America,Female
2024-05-24 17:40:02.469429,120.25.45.67,/football.html,404,17,Japan,football,Asia,Female
2024-05-19 18:19:02.469429,54.240.196.186,/searchsports.php,200,18,Netherlands,searchsports,Europe,Female
2024-05-21 01:13:02.469429,172.16.0.1,/football.html,404,1,Australia,football,Oceania,Male
2024-05-18 06:52:02.469429,120.25.45.67,/swimming.html,200,6,Japan,swimming,Asia,Male
2024-05-18 00:57:02.469429,155.55.0.24,/images/games.jpg,304,0,Canada,games,North America,Male
2024-05-24 07:15:02.469429,228.10.0.1,/images/games.jpg,404,7,USA,games,North America,Male
2024-05-18 20:56:02.469429,203.0.113.195,/searchsports.php,304,20,South Africa,searchsports,Africa,Male
2024-05-18 16:22:02.469429,155.55.0.24,/football.html,200,16,Canada,football,North America,Female
2024-05-24 08:00:02.469429,157.20.30.10,/tennis.html,200,8,UK,tennis,Europe,Female
2024-05-20 05:09:02.469429,203.0.113.195,/tennis.html,304,5,South Africa,tennis,Africa,Female
2024-05-22 08:26:02.469429,201.24.35.67,/images/games.jpg,200,8,Brazil,games,South America,Female
2024-05-23 14:44:02.469429,172.16.0.1,/swimming.html,404,14,Australia,swimming,Oceania,Male
2024-05-20 14:54:02.469429,203.0.113.0,/searchsports.php,304,14,India,searchsports,Asia,Male
2024-05-18 02:30:02.469429,172.16.0.1,/index.html,200,2,Australia,index,Oceania,Female
2024-05-18 13:16:02.469429,155.55.0.24,/basketball.html,200,13,Canada,basketball,North America,Female
2024-05-23 01:01:02.469429,120.25.45.67,/basketball.html,304,1,Japan,basketball,Asia,Male
2024-05-23 04:03:02.469429,203.0.113.0,/searchsports.php,200,4,India,searchsports,Asia,Female
2024-05-24 18:37:02.469429,157.20.30.10,/images/games.jpg,200,18,UK,games,Europe,Male
2024-05-18 15:41:02.469429,203.0.113.0,/index.html,200,15,India,index,Asia,Male
2024-05-21 14:21:02.469429,172.16.0.1,/athletics.html,200,14,Australia,athletics,Oceania,Male
2024-05-18 22:32:02.469429,54.240.196.186,/index.html,304,22,Netherlands,index,Europe,Male
2024-05-24 10:53:02.469429,157.20.30.10,/basketball.html,404,10,UK,basketball,Europe,Male
2024-05-23 01:44:02.469429,120.25.45.67,/tennis.html,404,1,Japan,tennis,Asia,Male
2024-05-21 11:49:02.469429,54.240.196.186,/basketball.html,404,11,Netherlands,basketball,Europe,Male
2024-05-18 23:06:02.469429,172.16.0.1,/basketball.html,304,23,Australia,basketball,Oceania,Male
2024-05-23 00:58:02.469429,157.20.30.10,/swimming.html,304,0,UK,swimming,Europe,Female
2024-05-21 22:22:02.469429,203.0.113.195,/swimming.html,304,22,South Africa,swimming,Africa,Male
2024-05-19 13:20:02.469429,54.240.196.186,/football.html,404,13,Netherlands,football,Europe,Female
2024-05-20 18:03:02.469429,155.55.0.24,/swimming.html,304,18,Canada,swimming,North America,Female
2024-05-21 21:28:02.469429,54.240.196.186,/images/games.jpg,200,21,Netherlands,games,Europe,Male
2024-05-24 09:39:02.469429,120.25.45.67,/football.html,304,9,Japan,football,Asia,Female
2024-05-18 03:19:02.469429,157.20.30.10,/tennis.html,404,3,UK,tennis,Europe,Male
2024-05-23 10:03:02.469429,89.23.45.67,/tennis.html,404,10,Germany,tennis,Europe,Female
2024-05-20 08:38:02.469429,157.20.30.10,/basketball.html,404,8,UK,basketball,Europe,Female
2024-05-24 21:21:02.469429,203.0.113.0,/tennis.html,304,21,India,tennis,Asia,Male
2024-05-22 11:06:02.469429,120.25.45.67,/images/games.jpg,200,11,Japan,games,Asia,Female
2024-05-22 06:31:02.469429,155.55.0.24,/athletics.html,404,6,Canada,athletics,North America,Female
2024-05-21 07:18:02.469429,120.25.45.67,/basketball.html,404,7,Japan,basketball,Asia,Female
2024-05-20 11:44:02.469429,201.24.35.67,/athletics.html,200,11,Brazil,athletics,South America,Male
2024-05-23 18:34:02.469429,172.16.0.1,/images/games.jpg,304,18,Australia,games,Oceania,Female
2024-05-22 07:16:02.469429,201.24.35.67,/images/games.jpg,304,7,Brazil,games,South America,Male
2024-05-19 14:18:02.469429,201.24.35.67,/images/games.jpg,200,14,Brazil,games,South America,Female
2024-05-20 16:39:02.469429,54.240.196.186,/athletics.html,404,16,Netherlands,athletics,Europe,Male
2024-05-22 23:46:02.469429,203.0.113.0,/football.html,200,23,India,football,Asia,Male
2024-05-24 09:10:02.469429,120.25.45.67,/images/games.jpg,200,9,Japan,games,Asia,Male
2024-05-22 20:39:02.469429,155.55.0.24,/index.html,404,20,Canada,index,North America,Female
2024-05-18 11:45:02.469429,172.16.0.1,/swimming.html,404,11,Australia,swimming,Oceania,Female
2024-05-22 01:58:02.469429,228.10.0.1,/basketball.html,404,1,USA,basketball,North America,Female
2024-05-18 02:22:02.469429,203.0.113.195,/football.html,304,2,South Africa,football,Africa,Female
2024-05-23 16:15:02.469429,201.24.35.67,/searchsports.php,200,16,Brazil,searchsports,South America,Female
2024-05-24 20:54:02.469429,201.24.35.67,/index.html,304,20,Brazil,index,South America,Female
2024-05-21 04:13:02.469429,54.240.196.186,/basketball.html,200,4,Netherlands,basketball,Europe,Female
2024-05-18 00:35:02.469429,155.55.0.24,/index.html,404,0,Canada,index,North America,Male
2024-05-22 01:30:02.469429,54.240.196.186,/index.html,404,1,Netherlands,index,Europe,Female
2024-05-22 04:29:02.469429,120.25.45.67,/images/games.jpg,404,4,Japan,games,Asia,Male
2024-05-19 06:25:02.469429,228.10.0.1,/athletics.html,200,6,USA,athletics,North America,Female
2024-05-23 04:31:02.469429,201.24.35.67,/index.html,404,4,Brazil,index,South America,Male
2024-05-19 14:48:02.469429,203.0.113.0,/football.html,304,14,India,football,Asia,Male
2024-05-24 16:03:02.469429,120.25.45.67,/index.html,404,16,Japan,index,Asia,Female
2024-05-22 03:03:02.469429,172.16.0.1,/swimming.html,304,3,Australia,swimming,Oceania,Male
2024-05-19 14:48:02.469429,203.0.113.195,/swimming.html,304,14,South Africa,swimming,Africa,Female
2024-05-21 18:52:02.469429,201.24.35.67,/tennis.html,200,18,Brazil,tennis,South America,Female
2024-05-24 20:40:02.469429,203.0.113.0,/index.html,304,20,India,index,Asia,Female
2024-05-19 09:36:02.469429,228.10.0.1,/searchsports.php,200,9,USA,searchsports,North America,Female
2024-05-24 22:35:02.469429,54.240.196.186,/football.html,200,22,Netherlands,football,Europe,Male
2024-05-24 11:18:02.469429,228.10.0.1,/images/games.jpg,404,11,USA,games,North America,Male
2024-05-21 12:10:02.469429,228.10.0.1,/swimming.html,200,12,USA,swimming,North America,Male
2024-05-22 03:40:02.469429,172.16.0.1,/images/games.jpg,404,3,Australia,games,Oceania,Male
2024-05-18 06:31:02.469429,201.24.35.67,/searchsports.php,404,6,Brazil,searchsports,South America,Female
2024-05-18 20:46:02.469429,54.240.196.186,/athletics.html,304,20,Netherlands,athletics,Europe,Female
2024-05-22 14:50:02.469429,203.0.113.195,/swimming.html,200,14,South Africa,swimming,Africa,Male
2024-05-21 07:02:02.469429,89.23.45.67,/searchsports.php,404,7,Germany,searchsports,Europe,Female
2024-05-21 18:15:02.469429,201.24.35.67,/images/games.jpg,404,18,Brazil,games,South America,Male
2024-05-21 13:35:02.469429,172.16.0.1,/images/games.jpg,404,13,Australia,games,Oceania,Female
2024-05-21 12:55:02.469429,203.0.113.0,/basketball.html,304,12,India,basketball,Asia,Female
2024-05-23 08:14:02.469429,120.25.45.67,/tennis.html,200,8,Japan,tennis,Asia,Female
2024-05-24 18:17:02.469429,54.240.196.186,/tennis.html,304,18,Netherlands,tennis,Europe,Male
2024-05-18 23:44:02.469429,89.23.45.67,/basketball.html,304,23,Germany,basketball,Europe,Female
2024-05-23 11:01:02.469429,203.0.113.195,/images/games.jpg,200,11,South Africa,games,Africa,Male
2024-05-24 18:15:02.469429,203.0.113.195,/tennis.html,200,18,South Africa,tennis,Africa,Female
2024-05-19 07:27:02.469429,172.16.0.1,/basketball.html,304,7,Australia,basketball,Oceania,Female
2024-05-23 01:15:02.469429,120.25.45.67,/swimming.html,404,1,Japan,swimming,Asia,Female
2024-05-20 22:42:02.469429,203.0.113.0,/athletics.html,304,22,India,athletics,Asia,Female
2024-05-23 14:35:02.469429,203.0.113.0,/basketball.html,304,14,India,basketball,Asia,Male
2024-05-22 22:13:02.469429,120.25.45.67,/images/games.jpg,200,22,Japan,games,Asia,Female
2024-05-18 20:14:02.469429,54.240.196.186,/basketball.html,200,20,Netherlands,basketball,Europe,Female
2024-05-20 22:08:02.469429,120.25.45.67,/images/games.jpg,304,22,Japan,games,Asia,Female
2024-05-24 00:44:02.469429,54.240.196.186,/index.html,304,0,Netherlands,index,Europe,Male
2024-05-23 09:10:02.469429,228.10.0.1,/index.html,304,9,USA,index,North America,Male
2024-05-20 06:15:02.469429,155.55.0.24,/swimming.html,200,6,Canada,swimming,North America,Male
2024-05-18 12:53:02.469429,228.10.0.1,/basketball.html,404,12,USA,basketball,North America,Female
2024-05-18 20:37:02.469429,172.16.0.1,/swimming.html,304,20,Australia,swimming,Oceania,Male
2024-05-19 17:53:02.469429,120.25.45.67,/football.html,304,17,Japan,football,Asia,Female
2024-05-18 15:06:02.469429,120.25.45.67,/athletics.html,200,15,Japan,athletics,Asia,Male
2024-05-24 10:25:02.469429,201.24.35.67,/football.html,304,10,Brazil,football,South America,Male
2024-05-18 21:09:02.469429,203.0.113.0,/index.html,404,21,India,index,Asia,Male
2024-05-23 00:46:02.469429,172.16.0.1,/athletics.html,304,0,Australia,athletics,Oceania,Female
2024-05-22 04:39:02.469429,201.24.35.67,/athletics.html,304,4,Brazil,athletics,South America,Male
2024-05-19 04:47:02.469429,155.55.0.24,/searchsports.php,200,4,Canada,searchsports,North America,Female
2024-05-24 01:55:02.469429,89.23.45.67,/index.html,404,1,Germany,index,Europe,Male
2024-05-21 11:20:02.469429,54.240.196.186,/football.html,404,11,Netherlands,football,Europe,Female
2024-05-21 04:49:02.469429,203.0.113.195,/index.html,404,4,South Africa,index,Africa,Male
2024-05-20 19:39:02.469429,228.10.0.1,/football.html,304,19,USA,football,North America,Male
2024-05-19 13:47:02.469429,228.10.0.1,/athletics.html,200,13,USA,athletics,North America,Female
2024-05-19 05:39:02.469429,228.10.0.1,/swimming.html,200,5,USA,swimming,North America,Female
2024-05-23 12:16:02.469429,228.10.0.1,/athletics.html,404,12,USA,athletics,North America,Female
2024-05-24 16:10:02.469429,172.16.0.1,/index.html,404,16,Australia,index,Oceania,Male
2024-05-19 18:53:02.469429,203.0.113.0,/images/games.jpg,200,18,India,games,Asia,Female
2024-05-19 13:57:02.469429,54.240.196.186,/searchsports.php,304,13,Netherlands,searchsports,Europe,Female
2024-05-22 14:34:02.469429,201.24.35.67,/images/games.jpg,404,14,Brazil,games,South America,Female
2024-05-22 19:40:02.469429,201.24.35.67,/football.html,200,19,Brazil,football,South America,Female
2024-05-18 05:39:02.469429,203.0.113.195,/football.html,404,5,South Africa,football,Africa,Male
2024-05-20 23:03:02.469429,201.24.35.67,/images/games.jpg,304,23,Brazil,games,South America,Male
2024-05-22 08:10:02.469429,89.23.45.67,/football.html,404,8,Germany,football,Europe,Male
2024-05-22 12:36:02.469429,172.16.0.1,/index.html,404,12,Australia,index,Oceania,Female
2024-05-20 09:53:02.469429,89.23.45.67,/football.html,404,9,Germany,football,Europe,Female
2024-05-18 15:44:02.469429,89.23.45.67,/athletics.html,404,15,Germany,athletics,Europe,Female
2024-05-21 05:12:02.469429,203.0.113.0,/tennis.html,404,5,India,tennis,Asia,Male
2024-05-21 00:15:02.469429,89.23.45.67,/football.html,404,0,Germany,football,Europe,Female
2024-05-20 06:36:02.469429,120.25.45.67,/tennis.html,200,6,Japan,tennis,Asia,Male
2024-05-20 09:32:02.469429,203.0.113.195,/swimming.html,304,9,South Africa,swimming,Africa,Male
2024-05-20 19:51:02.469429,120.25.45.67,/athletics.html,304,19,Japan,athletics,Asia,Female
2024-05-21 21:03:02.469429,172.16.0.1,/football.html,304,21,Australia,football,Oceania,Male
2024-05-23 20:04:02.469429,155.55.0.24,/images/games.jpg,404,20,Canada,games,North America,Female
2024-05-21 21:44:02.469429,172.16.0.1,/swimming.html,404,21,Australia,swimming,Oceania,Male
2024-05-21 09:42:02.469429,203.0.113.195,/football.html,200,9,South Africa,football,Africa,Male
2024-05-21 10:13:02.469429,89.23.45.67,/basketball.html,200,10,Germany,basketball,Europe,Female
2024-05-19 05:30:02.469429,89.23.45.67,/tennis.html,200,5,Germany,tennis,Europe,Female
2024-05-24 19:54:02.469429,203.0.113.0,/tennis.html,304,19,India,tennis,Asia,Male
2024-05-24 18:00:02.469429,228.10.0.1,/searchsports.php,200,18,USA,searchsports,North America,Male
2024-05-24 02:58:02.469429,54.240.196.186,/index.html,304,2,Netherlands,index,Europe,Male
2024-05-18 17:08:02.469429,157.20.30.10,/index.html,200,17,UK,index,Europe,Female
2024-05-22 06:48:02.469429,228.10.0.1,/images/games.jpg,404,6,USA,games,North America,Female
2024-05-21 04:59:02.469429,120.25.45.67,/football.html,200,4,Japan,football,Asia,Female
2024-05-19 20:03:02.469429,203.0.113.195,/athletics.html,200,20,South Africa,athletics,Africa,Female
2024-05-19 05:12:02.469429,89.23.45.67,/football.html,200,5,Germany,football,Europe,Male
2024-05-20 02:34:02.469429,228.10.0.1,/swimming.html,404,2,USA,swimming,North America,Male
2024-05-20 16:14:02.469429,157.20.30.10,/football.html,200,16,UK,football,Europe,Male
2024-05-18 18:04:02.469429,157.20.30.10,/tennis.html,404,18,UK,tennis,Europe,Male
2024-05-22 04:49:02.469429,203.0.113.195,/swimming.html,404,4,South Africa,swimming,Africa,Male
2024-05-21 04:51:02.469429,120.25.45.67,/images/games.jpg,304,4,Japan,games,Asia,Male
2024-05-20 15:11:02.469429,203.0.113.0,/searchsports.php,304,15,India,searchsports,Asia,Male
2024-05-20 00:18:02.469429,120.25.45.67,/athletics.html,404,0,Japan,athletics,Asia,Male
2024-05-23 22:47:02.469429,201.24.35.67,/searchsports.php,404,22,Brazil,searchsports,South America,Male
2024-05-21 05:47:02.469429,172.16.0.1,/images/games.jpg,200,5,Australia,games,Oceania,Male
2024-05-19 06:33:02.469429,228.10.0.1,/football.html,404,6,USA,football,North America,Female
2024-05-19 06:55:02.469429,120.25.45.67,/images/games.jpg,404,6,Japan,games,Asia,Male
2024-05-19 18:50:02.469429,203.0.113.195,/searchsports.php,304,18,South Africa,searchsports,Africa,Male
2024-05-21 23:21:02.469429,120.25.45.67,/swimming.html,404,23,Japan,swimming,Asia,Male
2024-05-20 23:03:02.469429,172.16.0.1,/basketball.html,304,23,Australia,basketball,Oceania,Female
2024-05-22 07:34:02.469429,203.0.113.0,/searchsports.php,404,7,India,searchsports,Asia,Male
2024-05-20 14:52:02.469429,54.240.196.186,/swimming.html,200,14,Netherlands,swimming,Europe,Male
2024-05-20 10:41:02.469429,172.16.0.1,/tennis.html,304,10,Australia,tennis,Oceania,Male
2024-05-24 12:14:02.469429,172.16.0.1,/basketball.html,200,12,Australia,basketball,Oceania,Female
2024-05-23 20:47:02.469429,228.10.0.1,/athletics.html,200,20,USA,athletics,North America,Male
2024-05-24 01:52:02.469429,157.20.30.10,/tennis.html,200,1,UK,tennis,Europe,Male
2024-05-22 15:48:02.469429,54.240.196.186,/football.html,200,15,Netherlands,football,Europe,Male
2024-05-18 13:10:02.469429,203.0.113.195,/football.html,404,13,South Africa,football,Africa,Male
2024-05-22 22:19:02.469429,157.20.30.10,/athletics.html,304,22,UK,athletics,Europe,Female
2024-05-21 21:28:02.469429,54.240.196.186,/athletics.html,304,21,Netherlands,athletics,Europe,Female
2024-05-23 03:32:02.469429,172.16.0.1,/tennis.html,200,3,Australia,tennis,Oceania,Female
2024-05-18 16:35:02.469429,203.0.113.0,/athletics.html,200,16,India,athletics,Asia,Male
2024-05-24 01:22:02.469429,228.10.0.1,/searchsports.php,200,1,USA,searchsports,North America,Male
2024-05-23 15:52:02.469429,172.16.0.1,/searchsports.php,304,15,Australia,searchsports,Oceania,Male
2024-05-23 00:37:02.469429,228.10.0.1,/index.html,304,0,USA,index,North America,Female
2024-05-24 18:28:02.469429,203.0.113.195,/swimming.html,404,18,South Africa,swimming,Africa,Female
2024-05-19 05:43:02.469429,172.16.0.1,/images/games.jpg,304,5,Australia,games,Oceania,Female
2024-05-22 12:28:02.469429,155.55.0.24,/athletics.html,404,12,Canada,athletics,North America,Male
2024-05-22 07:54:02.469429,155.55.0.24,/tennis.html,200,7,Canada,tennis,North America,Female
2024-05-24 20:03:02.469429,172.16.0.1,/tennis.html,200,20,Australia,tennis,Oceania,Male
2024-05-18 16:17:02.469429,120.25.45.67,/swimming.html,200,16,Japan,swimming,Asia,Male
2024-05-20 17:47:02.469429,155.55.0.24,/swimming.html,200,17,Canada,swimming,North America,Male
2024-05-21 00:06:02.469429,201.24.35.67,/searchsports.php,304,0,Brazil,searchsports,South America,Male
2024-05-19 07:12:02.469429,120.25.45.67,/athletics.html,404,7,Japan,athletics,Asia,Female
2024-05-22 16:28:02.469429,120.25.45.67,/searchsports.php,200,16,Japan,searchsports,Asia,Male
2024-05-22 00:52:02.469429,157.20.30.10,/basketball.html,404,0,UK,basketball,Europe,Male
2024-05-23 11:06:02.469429,172.16.0.1,/swimming.html,304,11,Australia,swimming,Oceania,Male
2024-05-19 09:59:02.469429,54.240.196.186,/swimming.html,404,9,Netherlands,swimming,Europe,Female
2024-05-24 00:30:02.469429,203.0.113.195,/images/games.jpg,200,0,South Africa,games,Africa,Female
2024-05-22 15:57:02.469429,89.23.45.67,/images/games.jpg,404,15,Germany,games,Europe,Male
2024-05-23 22:41:02.469429,54.240.196.186,/index.html,404,22,Netherlands,index,Europe,Male
2024-05-23 16:16:02.469429,203.0.113.195,/basketball.html,304,16,South Africa,basketball,Africa,Male
2024-05-22 19:26:02.469429,201.24.35.67,/athletics.html,304,19,Brazil,athletics,South America,Female
2024-05-22 15:57:02.469429,54.240.196.186,/tennis.html,304,15,Netherlands,tennis,Europe,Female
2024-05-23 21:39:02.469429,203.0.113.195,/images/games.jpg,200,21,South Africa,games,Africa,Female
2024-05-23 16:12:02.469429,203.0.113.195,/athletics.html,404,16,South Africa,athletics,Africa,Male
2024-05-19 18:29:02.469429,203.0.113.195,/athletics.html,304,18,South Africa,athletics,Africa,Male
2024-05-24 02:01:02.469429,201.24.35.67,/football.html,404,2,Brazil,football,South America,Female
2024-05-19 19:15:02.469429,120.25.45.67,/basketball.html,200,19,Japan,basketball,Asia,Male
2024-05-21 09:47:02.469429,201.24.35.67,/football.html,200,9,Brazil,football,South America,Male
2024-05-19 19:25:02.469429,120.25.45.67,/basketball.html,404,19,Japan,basketball,Asia,Female
2024-05-23 12:07:02.469429,120.25.45.67,/index.html,304,12,Japan,index,Asia,Male
2024-05-21 00:26:02.469429,203.0.113.0,/searchsports.php,304,0,India,searchsports,Asia,Female
2024-05-20 23:54:02.469429,120.25.45.67,/basketball.html,304,23,Japan,basketball,Asia,Female
2024-05-21 10:33:02.469429,89.23.45.67,/index.html,404,10,Germany,index,Europe,Female
2024-05-23 20:25:02.469429,203.0.113.0,/swimming.html,304,20,India,swimming,Asia,Female
2024-05-22 17:36:02.469429,201.24.35.67,/basketball.html,200,17,Brazil,basketball,South America,Male
2024-05-19 22:01:02.469429,228.10.0.1,/basketball.html,404,22,USA,basketball,North America,Male
2024-05-20 11:22:02.469429,89.23.45.67,/swimming.html,200,11,Germany,swimming,Europe,Female
2024-05-21 13:50:02.469429,157.20.30.10,/images/games.jpg,404,13,UK,games,Europe,Male
2024-05-20 23:28:02.469429,172.16.0.1,/basketball.html,404,23,Australia,basketball,Oceania,Female
2024-05-18 04:37:02.469429,157.20.30.10,/swimming.html,200,4,UK,swimming,Europe,Male
2024-05-22 13:15:02.469429,120.25.45.67,/football.html,304,13,Japan,football,Asia,Female
2024-05-23 22:42:02.469429,155.55.0.24,/football.html,304,22,Canada,football,North America,Male
2024-05-23 08:00:02.469429,228.10.0.1,/tennis.html,304,8,USA,tennis,North America,Female
2024-05-21 16:26:02.469429,155.55.0.24,/tennis.html,200,16,Canada,tennis,North America,Female
2024-05-24 19:15:02.469429,172.16.0.1,/images/games.jpg,404,19,Australia,games,Oceania,Female
2024-05-22 23:58:02.469429,89.23.45.67,/index.html,200,23,Germany,index,Europe,Female
2024-05-18 05:37:02.469429,155.55.0.24,/images/games.jpg,404,5,Canada,games,North America,Female
2024-05-20 13:38:02.469429,120.25.45.67,/tennis.html,404,13,Japan,tennis,Asia,Female
2024-05-22 13:44:02.469429,54.240.196.186,/football.html,200,13,Netherlands,football,Europe,Female
2024-05-19 00:22:02.469429,172.16.0.1,/searchsports.php,304,0,Australia,searchsports,Oceania,Female
2024-05-21 12:35:02.469429,203.0.113.0,/index.html,304,12,India,index,Asia,Male
2024-05-21 07:39:02.469429,155.55.0.24,/swimming.html,404,7,Canada,swimming,North America,Male
2024-05-20 21:07:02.469429,155.55.0.24,/basketball.html,304,21,Canada,basketball,North America,Male
2024-05-19 20:17:02.469429,54.240.196.186,/images/games.jpg,304,20,Netherlands,games,Europe,Male
2024-05-20 04:21:02.469429,54.240.196.186,/index.html,404,4,Netherlands,index,Europe,Female
2024-05-23 12:31:02.469429,89.23.45.67,/searchsports.php,200,12,Germany,searchsports,Europe,Female
2024-05-23 19:42:02.469429,228.10.0.1,/index.html,404,19,USA,index,North America,Male
2024-05-23 00:01:02.469429,203.0.113.0,/football.html,404,0,India,football,Asia,Male
2024-05-23 13:22:02.469429,172.16.0.1,/swimming.html,304,13,Australia,swimming,Oceania,Male
2024-05-22 00:57:02.469429,155.55.0.24,/tennis.html,304,0,Canada,tennis,North America,Female
2024-05-20 00:33:02.469429,203.0.113.195,/swimming.html,304,0,South Africa,swimming,Africa,Female
2024-05-23 14:12:02.469429,203.0.113.195,/index.html,304,14,South Africa,index,Africa,Male
2024-05-23 23:07:02.469429,228.10.0.1,/tennis.html,304,23,USA,tennis,North America,Male
2024-05-23 16:06:02.469429,203.0.113.195,/index.html,304,16,South Africa,index,Africa,Male
2024-05-18 01:16:02.469429,203.0.113.195,/basketball.html,304,1,South Africa,basketball,Africa,Female
2024-05-22 07:22:02.469429,203.0.113.0,/athletics.html,304,7,India,athletics,Asia,Male
2024-05-22 20:22:02.469429,228.10.0.1,/basketball.html,304,20,USA,basketball,North America,Male
2024-05-24 15:48:02.469429,172.16.0.1,/index.html,304,15,Australia,index,Oceania,Male
2024-05-22 01:52:02.469429,54.240.196.186,/basketball.html,304,1,Netherlands,basketball,Europe,Male
2024-05-20 17:26:02.469429,203.0.113.0,/images/games.jpg,200,17,India,games,Asia,Male
2024-05-23 12:49:02.469429,155.55.0.24,/searchsports.php,200,12,Canada,searchsports,North America,Female
2024-05-18 07:22:02.469429,120.25.45.67,/athletics.html,304,7,Japan,athletics,Asia,Male
2024-05-21 17:56:02.469429,201.24.35.67,/swimming.html,200,17,Brazil,swimming,South America,Female
2024-05-18 09:04:02.469429,172.16.0.1,/tennis.html,404,9,Australia,tennis,Oceania,Male
2024-05-22 00:10:02.469429,89.23.45.67,/swimming.html,404,0,Germany,swimming,Europe,Female
2024-05-19 17:51:02.469429,203.0.113.0,/basketball.html,304,17,India,basketball,Asia,Male
2024-05-22 17:11:02.469429,201.24.35.67,/index.html,200,17,Brazil,index,South America,Female
2024-05-20 01:02:02.469429,203.0.113.195,/index.html,404,1,South Africa,index,Africa,Male
2024-05-22 07:03:02.469429,155.55.0.24,/athletics.html,404,7,Canada,athletics,North America,Female
2024-05-18 07:14:02.469429,120.25.45.67,/searchsports.php,200,7,Japan,searchsports,Asia,Male
2024-05-23 09:00:02.469429,157.20.30.10,/swimming.html,200,9,UK,swimming,Europe,Male
2024-05-19 15:44:02.469429,157.20.30.10,/swimming.html,200,15,UK,swimming,Europe,Male
2024-05-20 09:21:02.469429,155.55.0.24,/images/games.jpg,404,9,Canada,games,North America,Male
2024-05-20 09:08:02.469429,203.0.113.195,/index.html,304,9,South Africa,index,Africa,Female
2024-05-19 23:45:02.469429,203.0.113.195,/searchsports.php,304,23,South Africa,searchsports,Africa,Male
2024-05-23 19:03:02.469429,203.0.113.0,/basketball.html,404,19,India,basketball,Asia,Female
2024-05-18 14:11:02.469429,201.24.35.67,/index.html,404,14,Brazil,index,South America,Female
2024-05-19 18:20:02.469429,201.24.35.67,/index.html,304,18,Brazil,index,South America,Female
2024-05-18 23:57:02.469429,89.23.45.67,/athletics.html,404,23,Germany,athletics,Europe,Male
2024-05-18 20:45:02.469429,203.0.113.195,/basketball.html,404,20,South Africa,basketball,Africa,Female
2024-05-24 05:34:02.469429,203.0.113.0,/index.html,200,5,India,index,Asia,Male
2024-05-19 02:57:02.469429,157.20.30.10,/tennis.html,404,2,UK,tennis,Europe,Male
2024-05-22 03:04:02.469429,201.24.35.67,/swimming.html,304,3,Brazil,swimming,South America,Male
2024-05-21 17:49:02.469429,89.23.45.67,/searchsports.php,304,17,Germany,searchsports,Europe,Female
2024-05-20 22:36:02.469429,157.20.30.10,/swimming.html,200,22,UK,swimming,Europe,Male
2024-05-22 10:44:02.469429,54.240.196.186,/athletics.html,200,10,Netherlands,athletics,Europe,Female
2024-05-23 23:42:02.469429,157.20.30.10,/football.html,304,23,UK,football,Europe,Male
2024-05-20 14:16:02.469429,201.24.35.67,/images/games.jpg,304,14,Brazil,games,South America,Male
2024-05-21 12:22:02.469429,203.0.113.0,/searchsports.php,200,12,India,searchsports,Asia,Male
2024-05-19 15:26:02.469429,203.0.113.195,/basketball.html,200,15,South Africa,basketball,Africa,Female
2024-05-22 09:13:02.469429,155.55.0.24,/tennis.html,200,9,Canada,tennis,North America,Female
2024-05-24 07:18:02.469429,155.55.0.24,/index.html,304,7,Canada,index,North America,Male
2024-05-20 03:40:02.469429,155.55.0.24,/images/games.jpg,304,3,Canada,games,North America,Male
2024-05-20 10:54:02.469429,120.25.45.67,/athletics.html,200,10,Japan,athletics,Asia,Female
2024-05-19 11:51:02.469429,203.0.113.195,/tennis.html,404,11,South Africa,tennis,Africa,Male
2024-05-24 10:31:02.469429,54.240.196.186,/tennis.html,304,10,Netherlands,tennis,Europe,Female
2024-05-21 16:58:02.469429,172.16.0.1,/images/games.jpg,200,16,Australia,games,Oceania,Male
2024-05-23 06:09:02.469429,172.16.0.1,/index.html,304,6,Australia,index,Oceania,Female
2024-05-19 09:20:02.469429,228.10.0.1,/athletics.html,200,9,USA,athletics,North America,Male
2024-05-23 15:09:02.469429,155.55.0.24,/index.html,404,15,Canada,index,North America,Female
2024-05-24 09:10:02.469429,201.24.35.67,/football.html,404,9,Brazil,football,South America,Female
2024-05-18 12:15:02.469429,155.55.0.24,/searchsports.php,304,12,Canada,searchsports,North America,Male
2024-05-18 08:56:02.469429,203.0.113.0,/images/games.jpg,304,8,India,games,Asia,Female
2024-05-20 16:29:02.469429,172.16.0.1,/index.html,304,16,Australia,index,Oceania,Female
2024-05-20 17:22:02.469429,203.0.113.0,/index.html,304,17,India,index,Asia,Male
2024-05-20 00:03:02.469429,157.20.30.10,/index.html,304,0,UK,index,Europe,Male
2024-05-21 03:05:02.469429,120.25.45.67,/athletics.html,404,3,Japan,athletics,Asia,Male
2024-05-18 10:36:02.469429,203.0.113.195,/images/games.jpg,404,10,South Africa,games,Africa,Male
2024-05-18 11:51:02.469429,203.0.113.195,/swimming.html,404,11,South Africa,swimming,Africa,Male
2024-05-20 16:51:02.469429,172.16.0.1,/tennis.html,200,16,Australia,tennis,Oceania,Female
2024-05-23 19:57:02.469429,172.16.0.1,/searchsports.php,304,19,Australia,searchsports,Oceania,Male
2024-05-18 12:34:02.469429,157.20.30.10,/athletics.html,200,12,UK,athletics,Europe,Female
2024-05-21 19:03:02.469429,157.20.30.10,/athletics.html,200,19,UK,athletics,Europe,Female
2024-05-24 10:31:02.469429,157.20.30.10,/index.html,304,10,UK,index,Europe,Female
2024-05-23 18:29:02.469429,54.240.196.186,/index.html,304,18,Netherlands,index,Europe,Male
2024-05-22 09:57:02.469429,89.23.45.67,/searchsports.php,404,9,Germany,searchsports,Europe,Female
2024-05-20 02:37:02.469429,201.24.35.67,/basketball.html,304,2,Brazil,basketball,South America,Male
2024-05-21 11:51:02.469429,228.10.0.1,/football.html,404,11,USA,football,North America,Female
2024-05-22 02:13:02.469429,172.16.0.1,/tennis.html,200,2,Australia,tennis,Oceania,Male
2024-05-19 05:44:02.469429,201.24.35.67,/athletics.html,304,5,Brazil,athletics,South America,Male
2024-05-19 05:50:02.469429,203.0.113.0,/swimming.html,404,5,India,swimming,Asia,Female
2024-05-19 04:47:02.469429,201.24.35.67,/swimming.html,404,4,Brazil,swimming,South America,Female
2024-05-20 16:02:02.469429,203.0.113.195,/images/games.jpg,304,16,South Africa,games,Africa,Male
2024-05-19 18:51:02.469429,203.0.113.195,/images/games.jpg,304,18,South Africa,games,Africa,Male
2024-05-24 14:43:02.469429,120.25.45.67,/index.html,200,14,Japan,index,Asia,Female
2024-05-22 10:34:02.469429,228.10.0.1,/index.html,200,10,USA,index,North America,Male
2024-05-24 11:54:02.469429,203.0.113.0,/searchsports.php,304,11,India,searchsports,Asia,Male
2024-05-18 13:59:02.469429,89.23.45.67,/football.html,404,13,Germany,football,Europe,Female
2024-05-23 04:57:02.469429,157.20.30.10,/swimming.html,304,4,UK,swimming,Europe,Male
2024-05-23 03:32:02.469429,203.0.113.195,/searchsports.php,404,3,South Africa,searchsports,Africa,Male
2024-05-23 11:08:02.469429,203.0.113.195,/images/games.jpg,404,11,South Africa,games,Africa,Male
2024-05-24 08:37:02.469429,120.25.45.67,/football.html,200,8,Japan,football,Asia,Female
2024-05-19 11:25:02.469429,120.25.45.67,/swimming.html,404,11,Japan,swimming,Asia,Male
2024-05-21 03:14:02.469429,157.20.30.10,/searchsports.php,304,3,UK,searchsports,Europe,Male
2024-05-21 17:42:02.469429,89.23.45.67,/athletics.html,200,17,Germany,athletics,Europe,Male
2024-05-18 20:59:02.469429,89.23.45.67,/images/games.jpg,404,20,Germany,games,Europe,Male
2024-05-23 14:53:02.469429,157.20.30.10,/tennis.html,304,14,UK,tennis,Europe,Male
2024-05-18 17:10:02.469429,120.25.45.67,/index.html,304,17,Japan,index,Asia,Male
2024-05-23 15:56:02.469429,228.10.0.1,/swimming.html,200,15,USA,swimming,North America,Male
2024-05-22 11:56:02.469429,54.240.196.186,/basketball.html,404,11,Netherlands,basketball,Europe,Male
2024-05-20 16:09:02.469429,201.24.35.67,/images/games.jpg,304,16,Brazil,games,South America,Female
2024-05-19 21:18:02.469429,89.23.45.67,/images/games.jpg,404,21,Germany,games,Europe,Male
2024-05-18 17:29:02.469429,228.10.0.1,/index.html,304,17,USA,index,North America,Female
2024-05-21 14:39:02.469429,203.0.113.195,/football.html,200,14,South Africa,football,Africa,Male
2024-05-23 16:53:02.469429,54.240.196.186,/basketball.html,200,16,Netherlands,basketball,Europe,Female
2024-05-24 00:54:02.469429,228.10.0.1,/basketball.html,200,0,USA,basketball,North America,Female
2024-05-24 10:43:02.469429,120.25.45.67,/index.html,404,10,Japan,index,Asia,Male
2024-05-21 22:03:02.469429,203.0.113.0,/tennis.html,304,22,India,tennis,Asia,Female
2024-05-21 09:45:02.469429,201.24.35.67,/images/games.jpg,304,9,Brazil,games,South America,Male
2024-05-21 12:45:02.469429,155.55.0.24,/athletics.html,404,12,Canada,athletics,North America,Male
2024-05-18 09:13:02.469429,203.0.113.0,/athletics.html,404,9,India,athletics,Asia,Female
2024-05-21 18:24:02.469429,203.0.113.195,/swimming.html,200,18,South Africa,swimming,Africa,Male
2024-05-19 14:21:02.469429,203.0.113.195,/tennis.html,304,14,South Africa,tennis,Africa,Male
2024-05-19 17:26:02.469429,89.23.45.67,/basketball.html,304,17,Germany,basketball,Europe,Female
2024-05-24 07:26:02.469429,201.24.35.67,/swimming.html,200,7,Brazil,swimming,South America,Male
2024-05-20 22:31:02.469429,203.0.113.195,/football.html,404,22,South Africa,football,Africa,Male
2024-05-21 15:41:02.469429,228.10.0.1,/football.html,200,15,USA,football,North America,Female
2024-05-24 14:18:02.469429,89.23.45.67,/searchsports.php,404,14,Germany,searchsports,Europe,Female
2024-05-23 00:17:02.469429,203.0.113.195,/swimming.html,200,0,South Africa,swimming,Africa,Male
2024-05-20 21:00:02.469429,201.24.35.67,/index.html,200,21,Brazil,index,South America,Female
2024-05-24 15:33:02.469429,228.10.0.1,/athletics.html,304,15,USA,athletics,North America,Female
2024-05-20 13:48:02.469429,157.20.30.10,/images/games.jpg,404,13,UK,games,Europe,Female
2024-05-20 07:33:02.469429,155.55.0.24,/football.html,200,7,Canada,football,North America,Female
2024-05-21 15:20:02.469429,120.25.45.67,/football.html,304,15,Japan,football,Asia,Female
2024-05-21 20:20:02.469429,201.24.35.67,/athletics.html,304,20,Brazil,athletics,South America,Female
2024-05-18 22:52:02.469429,54.240.196.186,/athletics.html,200,22,Netherlands,athletics,Europe,Female
2024-05-23 21:00:02.469429,54.240.196.186,/basketball.html,304,21,Netherlands,basketball,Europe,Male
2024-05-24 05:07:02.469429,155.55.0.24,/tennis.html,304,5,Canada,tennis,North America,Female
2024-05-21 18:27:02.469429,54.240.196.186,/index.html,404,18,Netherlands,index,Europe,Female
2024-05-21 05:54:02.469429,172.16.0.1,/images/games.jpg,404,5,Australia,games,Oceania,Female
2024-05-18 00:37:02.469429,201.24.35.67,/athletics.html,200,0,Brazil,athletics,South America,Male
2024-05-20 13:28:02.469429,203.0.113.195,/tennis.html,200,13,South Africa,tennis,Africa,Female
2024-05-18 22:58:02.469429,228.10.0.1,/index.html,304,22,USA,index,North America,Male
2024-05-24 14:16:02.469429,203.0.113.0,/swimming.html,304,14,India,swimming,Asia,Male
2024-05-23 21:38:02.469429,157.20.30.10,/football.html,404,21,UK,football,Europe,Female
2024-05-23 21:05:02.469429,172.16.0.1,/index.html,200,21,Australia,index,Oceania,Male
2024-05-20 05:51:02.469429,203.0.113.0,/athletics.html,404,5,India,athletics,Asia,Male
2024-05-19 04:28:02.469429,228.10.0.1,/index.html,404,4,USA,index,North America,Male
2024-05-20 22:03:02.469429,89.23.45.67,/images/games.jpg,404,22,Germany,games,Europe,Male
2024-05-24 12:24:02.469429,155.55.0.24,/tennis.html,404,12,Canada,tennis,North America,Male
2024-05-19 00:12:02.469429,157.20.30.10,/swimming.html,404,0,UK,swimming,Europe,Male
2024-05-21 23:10:02.469429,157.20.30.10,/index.html,200,23,UK,index,Europe,Female
2024-05-18 10:16:02.469429,172.16.0.1,/basketball.html,304,10,Australia,basketball,Oceania,Female
2024-05-21 13:24:02.469429,203.0.113.0,/basketball.html,404,13,India,basketball,Asia,Female
2024-05-22 06:29:02.469429,54.240.196.186,/football.html,304,6,Netherlands,football,Europe,Female
2024-05-24 09:26:02.469429,89.23.45.67,/images/games.jpg,404,9,Germany,games,Europe,Male
2024-05-24 08:08:02.469429,201.24.35.67,/searchsports.php,404,8,Brazil,searchsports,South America,Female
2024-05-20 17:57:02.469429,228.10.0.1,/football.html,404,17,USA,football,North America,Female
2024-05-23 03:27:02.469429,172.16.0.1,/athletics.html,404,3,Australia,athletics,Oceania,Female
2024-05-21 13:08:02.469429,203.0.113.195,/images/games.jpg,304,13,South Africa,games,Africa,Female
2024-05-22 03:04:02.469429,157.20.30.10,/athletics.html,200,3,UK,athletics,Europe,Male
2024-05-18 18:18:02.469429,201.24.35.67,/searchsports.php,404,18,Brazil,searchsports,South America,Female
2024-05-20 17:58:02.469429,120.25.45.67,/swimming.html,200,17,Japan,swimming,Asia,Female
2024-05-20 04:27:02.469429,120.25.45.67,/athletics.html,200,4,Japan,athletics,Asia,Male
2024-05-24 15:10:02.469429,157.20.30.10,/images/games.jpg,304,15,UK,games,Europe,Male
2024-05-23 16:18:02.469429,228.10.0.1,/index.html,304,16,USA,index,North America,Male
2024-05-18 10:46:02.469429,157.20.30.10,/athletics.html,200,10,UK,athletics,Europe,Male
2024-05-19 07:03:02.469429,201.24.35.67,/basketball.html,404,7,Brazil,basketball,South America,Male
2024-05-24 22:20:02.469429,228.10.0.1,/index.html,304,22,USA,index,North America,Female
2024-05-23 15:36:02.469429,54.240.196.186,/searchsports.php,404,15,Netherlands,searchsports,Europe,Female
2024-05-24 15:38:02.469429,155.55.0.24,/basketball.html,404,15,Canada,basketball,North America,Female
2024-05-21 17:00:02.469429,172.16.0.1,/swimming.html,200,17,Australia,swimming,Oceania,Male
2024-05-18 23:37:02.469429,228.10.0.1,/swimming.html,304,23,USA,swimming,North America,Female
2024-05-23 13:04:02.469429,228.10.0.1,/athletics.html,404,13,USA,athletics,North America,Female
2024-05-20 16:53:02.469429,203.0.113.195,/index.html,200,16,South Africa,index,Africa,Female
2024-05-21 03:35:02.469429,228.10.0.1,/images/games.jpg,404,3,USA,games,North America,Female
2024-05-23 16:38:02.469429,157.20.30.10,/searchsports.php,200,16,UK,searchsports,Europe,Male
2024-05-21 20:45:02.469429,172.16.0.1,/athletics.html,304,20,Australia,athletics,Oceania,Female
2024-05-18 15:59:02.469429,228.10.0.1,/football.html,200,15,USA,football,North America,Male
2024-05-19 04:11:02.469429,89.23.45.67,/index.html,304,4,Germany,index,Europe,Male
2024-05-19 16:42:02.469429,120.25.45.67,/images/games.jpg,304,16,Japan,games,Asia,Female
2024-05-20 07:45:02.469429,155.55.0.24,/basketball.html,200,7,Canada,basketball,North America,Female
2024-05-18 07:21:02.469429,228.10.0.1,/tennis.html,404,7,USA,tennis,North America,Male
2024-05-21 03:18:02.469429,89.23.45.67,/basketball.html,200,3,Germany,basketball,Europe,Male
2024-05-22 07:38:02.469429,89.23.45.67,/tennis.html,404,7,Germany,tennis,Europe,Female
2024-05-20 03:52:02.469429,89.23.45.67,/searchsports.php,200,3,Germany,searchsports,Europe,Male
2024-05-24 19:10:02.469429,54.240.196.186,/athletics.html,304,19,Netherlands,athletics,Europe,Female
2024-05-19 18:09:02.469429,155.55.0.24,/images/games.jpg,404,18,Canada,games,North America,Female
2024-05-18 17:08:02.469429,172.16.0.1,/athletics.html,304,17,Australia,athletics,Oceania,Female
2024-05-23 20:19:02.469429,203.0.113.0,/athletics.html,200,20,India,athletics,Asia,Female
2024-05-19 01:02:02.469429,155.55.0.24,/athletics.html,200,1,Canada,athletics,North America,Female
2024-05-20 13:30:02.469429,203.0.113.195,/images/games.jpg,200,13,South Africa,games,Africa,Male
2024-05-24 20:40:02.469429,203.0.113.0,/index.html,304,20,India,index,Asia,Male
2024-05-23 18:36:02.469429,172.16.0.1,/searchsports.php,404,18,Australia,searchsports,Oceania,Female
2024-05-24 15:17:02.469429,157.20.30.10,/index.html,200,15,UK,index,Europe,Female
2024-05-23 23:34:02.469429,157.20.30.10,/images/games.jpg,200,23,UK,games,Europe,Male
2024-05-19 03:10:02.469429,172.16.0.1,/athletics.html,404,3,Australia,athletics,Oceania,Female
2024-05-18 08:44:02.469429,172.16.0.1,/index.html,404,8,Australia,index,Oceania,Female
2024-05-22 06:57:02.469429,228.10.0.1,/index.html,304,6,USA,index,North America,Female
2024-05-21 22:14:02.469429,228.10.0.1,/images/games.jpg,404,22,USA,games,North America,Female
2024-05-23 00:53:02.469429,157.20.30.10,/athletics.html,304,0,UK,athletics,Europe,Male
2024-05-18 00:13:02.469429,201.24.35.67,/swimming.html,200,0,Brazil,swimming,South America,Female
2024-05-20 03:38:02.469429,155.55.0.24,/athletics.html,404,3,Canada,athletics,North America,Male
2024-05-18 03:58:02.469429,228.10.0.1,/index.html,200,3,USA,index,North America,Female
2024-05-20 18:36:02.469429,203.0.113.195,/swimming.html,200,18,South Africa,swimming,Africa,Male
2024-05-19 13:13:02.469429,155.55.0.24,/index.html,200,13,Canada,index,North America,Female
2024-05-20 02:35:02.469429,155.55.0.24,/football.html,404,2,Canada,football,North America,Male
2024-05-24 08:34:02.469429,172.16.0.1,/football.html,304,8,Australia,football,Oceania,Female
2024-05-21 00:10:02.469429,172.16.0.1,/swimming.html,404,0,Australia,swimming,Oceania,Male
2024-05-21 04:17:02.469429,89.23.45.67,/basketball.html,200,4,Germany,basketball,Europe,Male
2024-05-22 14:00:02.469429,89.23.45.67,/football.html,200,14,Germany,football,Europe,Female
2024-05-24 11:45:02.469429,157.20.30.10,/searchsports.php,304,11,UK,searchsports,Europe,Female
2024-05-19 08:18:02.469429,228.10.0.1,/football.html,200,8,USA,football,North America,Male
2024-05-22 18:52:02.469429,203.0.113.0,/index.html,404,18,India,index,Asia,Male
2024-05-22 10:39:02.469429,157.20.30.10,/swimming.html,304,10,UK,swimming,Europe,Female
2024-05-23 22:39:02.469429,54.240.196.186,/swimming.html,304,22,Netherlands,swimming,Europe,Male
2024-05-19 20:37:02.469429,54.240.196.186,/searchsports.php,200,20,Netherlands,searchsports,Europe,Male
2024-05-23 03:36:02.469429,89.23.45.67,/athletics.html,304,3,Germany,athletics,Europe,Female
2024-05-22 00:59:02.469429,172.16.0.1,/athletics.html,304,0,Australia,athletics,Oceania,Female
2024-05-23 01:00:02.469429,120.25.45.67,/searchsports.php,404,1,Japan,searchsports,Asia,Female
2024-05-22 15:02:02.469429,120.25.45.67,/football.html,404,15,Japan,football,Asia,Male
2024-05-20 00:31:02.469429,201.24.35.67,/images/games.jpg,404,0,Brazil,games,South America,Female
2024-05-18 06:35:02.469429,155.55.0.24,/basketball.html,304,6,Canada,basketball,North America,Male
2024-05-18 03:31:02.469429,120.25.45.67,/index.html,304,3,Japan,index,Asia,Male
2024-05-23 16:41:02.469429,157.20.30.10,/athletics.html,304,16,UK,athletics,Europe,Male
2024-05-24 10:34:02.469429,54.240.196.186,/football.html,200,10,Netherlands,football,Europe,Female
2024-05-19 13:52:02.469429,155.55.0.24,/images/games.jpg,404,13,Canada,games,North America,Female
2024-05-23 10:40:02.469429,201.24.35.67,/swimming.html,404,10,Brazil,swimming,South America,Female
2024-05-20 16:56:02.469429,228.10.0.1,/athletics.html,304,16,USA,athletics,North America,Male
2024-05-18 05:58:02.469429,203.0.113.195,/basketball.html,304,5,South Africa,basketball,Africa,Male
2024-05-20 20:03:02.469429,89.23.45.67,/swimming.html,404,20,Germany,swimming,Europe,Male
2024-05-21 18:39:02.469429,203.0.113.0,/swimming.html,304,18,India,swimming,Asia,Male
2024-05-24 19:29:02.469429,172.16.0.1,/searchsports.php,304,19,Australia,searchsports,Oceania,Female
2024-05-21 17:19:02.469429,120.25.45.67,/images/games.jpg,304,17,Japan,games,Asia,Male
2024-05-21 06:28:02.469429,203.0.113.195,/images/games.jpg,304,6,South Africa,games,Africa,Female
2024-05-23 00:02:02.469429,172.16.0.1,/images/games.jpg,404,0,Australia,games,Oceania,Male
2024-05-21 13:52:02.469429,228.10.0.1,/swimming.html,404,13,USA,swimming,North America,Male
2024-05-23 19:03:02.469429,157.20.30.10,/football.html,200,19,UK,football,Europe,Female
2024-05-20 05:53:02.469429,203.0.113.195,/basketball.html,304,5,South Africa,basketball,Africa,Male
2024-05-23 16:10:02.469429,120.25.45.67,/images/games.jpg,404,16,Japan,games,Asia,Female
2024-05-19 00:38:02.469429,172.16.0.1,/images/games.jpg,404,0,Australia,games,Oceania,Male
2024-05-19 11:13:02.469429,228.10.0.1,/athletics.html,304,11,USA,athletics,North America,Male
2024-05-20 06:59:02.469429,172.16.0.1,/searchsports.php,404,6,Australia,searchsports,Oceania,Female
2024-05-18 22:53:02.469429,203.0.113.195,/tennis.html,200,22,South Africa,tennis,Africa,Male
2024-05-20 04:45:02.469429,201.24.35.67,/index.html,404,4,Brazil,index,South America,Male
2024-05-23 20:01:02.469429,155.55.0.24,/athletics.html,200,20,Canada,athletics,North America,Male
2024-05-19 17:12:02.469429,172.16.0.1,/index.html,304,17,Australia,index,Oceania,Female
2024-05-22 19:14:02.469429,120.25.45.67,/searchsports.php,404,19,Japan,searchsports,Asia,Female
2024-05-21 18:07:02.469429,120.25.45.67,/basketball.html,404,18,Japan,basketball,Asia,Male
2024-05-18 20:58:02.469429,155.55.0.24,/searchsports.php,404,20,Canada,searchsports,North America,Male
2024-05-22 14:16:02.469429,203.0.113.195,/index.html,200,14,South Africa,index,Africa,Male
2024-05-19 02:23:02.469429,203.0.113.195,/swimming.html,404,2,South Africa,swimming,Africa,Male
2024-05-22 01:00:02.469429,201.24.35.67,/tennis.html,200,1,Brazil,tennis,South America,Male
2024-05-18 05:08:02.469429,89.23.45.67,/images/games.jpg,404,5,Germany,games,Europe,Male
2024-05-21 17:55:02.469429,203.0.113.195,/football.html,200,17,South Africa,football,Africa,Female
2024-05-20 01:26:02.469429,157.20.30.10,/index.html,404,1,UK,index,Europe,Female
2024-05-22 04:25:02.469429,157.20.30.10,/tennis.html,304,4,UK,tennis,Europe,Female
2024-05-23 15:03:02.469429,203.0.113.0,/searchsports.php,304,15,India,searchsports,Asia,Female
2024-05-19 14:09:02.469429,54.240.196.186,/searchsports.php,200,14,Netherlands,searchsports,Europe,Male
2024-05-21 18:23:02.469429,89.23.45.67,/swimming.html,404,18,Germany,swimming,Europe,Female
2024-05-22 17:54:02.469429,203.0.113.195,/images/games.jpg,404,17,South Africa,games,Africa,Male
2024-05-20 09:56:02.469429,54.240.196.186,/images/games.jpg,304,9,Netherlands,games,Europe,Female
2024-05-20 07:51:02.469429,172.16.0.1,/images/games.jpg,200,7,Australia,games,Oceania,Female
2024-05-23 14:53:02.469429,203.0.113.195,/football.html,304,14,South Africa,football,Africa,Female
2024-05-19 12:09:02.469429,203.0.113.0,/index.html,404,12,India,index,Asia,Female
2024-05-23 23:40:02.469429,54.240.196.186,/searchsports.php,200,23,Netherlands,searchsports,Europe,Male
2024-05-20 02:00:02.469429,155.55.0.24,/tennis.html,200,2,Canada,tennis,North America,Female
2024-05-18 10:05:02.469429,228.10.0.1,/athletics.html,200,10,USA,athletics,North America,Male
2024-05-23 06:54:02.469429,54.240.196.186,/athletics.html,304,6,Netherlands,athletics,Europe,Female
2024-05-21 10:11:02.469429,201.24.35.67,/swimming.html,404,10,Brazil,swimming,South America,Male
2024-05-23 05:27:02.469429,172.16.0.1,/basketball.html,404,5,Australia,basketball,Oceania,Female
2024-05-21 06:35:02.469429,54.240.196.186,/swimming.html,404,6,Netherlands,swimming,Europe,Male
2024-05-22 16:17:02.469429,203.0.113.0,/tennis.html,200,16,India,tennis,Asia,Male
2024-05-24 17:15:02.469429,203.0.113.0,/football.html,404,17,India,football,Asia,Female
2024-05-22 17:11:02.469429,120.25.45.67,/swimming.html,200,17,Japan,swimming,Asia,Female
2024-05-22 12:44:02.469429,203.0.113.0,/swimming.html,404,12,India,swimming,Asia,Male
2024-05-19 09:35:02.469429,155.55.0.24,/searchsports.php,200,9,Canada,searchsports,North America,Male
2024-05-19 14:45:02.469429,228.10.0.1,/swimming.html,200,14,USA,swimming,North America,Male
2024-05-18 15:49:02.469429,228.10.0.1,/index.html,304,15,USA,index,North America,Male
2024-05-22 17:10:02.469429,201.24.35.67,/tennis.html,304,17,Brazil,tennis,South America,Female
2024-05-22 17:49:02.469429,201.24.35.67,/images/games.jpg,304,17,Brazil,games,South America,Female
2024-05-24 13:11:02.469429,157.20.30.10,/athletics.html,404,13,UK,athletics,Europe,Female
2024-05-22 19:32:02.469429,155.55.0.24,/tennis.html,304,19,Canada,tennis,North America,Male
2024-05-23 15:46:02.469429,89.23.45.67,/images/games.jpg,200,15,Germany,games,Europe,Female
2024-05-22 12:00:02.469429,157.20.30.10,/football.html,404,12,UK,football,Europe,Female
2024-05-24 17:40:02.469429,228.10.0.1,/images/games.jpg,404,17,USA,games,North America,Female
2024-05-19 10:59:02.469429,203.0.113.195,/football.html,200,10,South Africa,football,Africa,Male
2024-05-22 01:52:02.469429,203.0.113.195,/athletics.html,304,1,South Africa,athletics,Africa,Male
2024-05-24 07:02:02.469429,157.20.30.10,/swimming.html,200,7,UK,swimming,Europe,Male
2024-05-18 18:04:02.469429,54.240.196.186,/swimming.html,404,18,Netherlands,swimming,Europe,Male
2024-05-24 02:07:02.469429,54.240.196.186,/searchsports.php,200,2,Netherlands,searchsports,Europe,Male
2024-05-23 12:26:02.469429,203.0.113.0,/swimming.html,404,12,India,swimming,Asia,Male
2024-05-19 01:33:02.469429,157.20.30.10,/tennis.html,200,1,UK,tennis,Europe,Male
2024-05-18 01:26:02.469429,172.16.0.1,/searchsports.php,304,1,Australia,searchsports,Oceania,Male
2024-05-20 10:37:02.469429,54.240.196.186,/images/games.jpg,404,10,Netherlands,games,Europe,Female
2024-05-19 19:27:02.469429,228.10.0.1,/basketball.html,200,19,USA,basketball,North America,Male
2024-05-22 07:53:02.469429,201.24.35.67,/basketball.html,404,7,Brazil,basketball,South America,Female
2024-05-19 11:24:02.469429,203.0.113.0,/football.html,200,11,India,football,Asia,Female
2024-05-19 21:25:02.469429,203.0.113.195,/athletics.html,200,21,South Africa,athletics,Africa,Female
2024-05-22 09:24:02.469429,157.20.30.10,/searchsports.php,200,9,UK,searchsports,Europe,Male
2024-05-23 12:16:02.469429,157.20.30.10,/index.html,200,12,UK,index,Europe,Male
2024-05-23 07:46:02.469429,203.0.113.0,/basketball.html,404,7,India,basketball,Asia,Female
2024-05-23 18:42:02.469429,157.20.30.10,/athletics.html,200,18,UK,athletics,Europe,Female
2024-05-22 21:18:02.469429,203.0.113.0,/searchsports.php,404,21,India,searchsports,Asia,Female
2024-05-23 02:51:02.469429,155.55.0.24,/searchsports.php,200,2,Canada,searchsports,North America,Male
2024-05-22 08:04:02.469429,203.0.113.195,/searchsports.php,404,8,South Africa,searchsports,Africa,Female
2024-05-20 15:07:02.469429,157.20.30.10,/basketball.html,404,15,UK,basketball,Europe,Female
2024-05-20 10:55:02.469429,120.25.45.67,/athletics.html,304,10,Japan,athletics,Asia,Male
2024-05-20 22:13:02.469429,201.24.35.67,/basketball.html,304,22,Brazil,basketball,South America,Male
2024-05-23 19:55:02.469429,172.16.0.1,/football.html,200,19,Australia,football,Oceania,Female
2024-05-23 12:11:02.469429,201.24.35.67,/index.html,404,12,Brazil,index,South America,Female
2024-05-21 16:17:02.469429,172.16.0.1,/index.html,404,16,Australia,index,Oceania,Female
2024-05-18 19:43:02.469429,155.55.0.24,/index.html,200,19,Canada,index,North America,Female
2024-05-19 12:22:02.469429,172.16.0.1,/athletics.html,200,12,Australia,athletics,Oceania,Female
2024-05-24 14:47:02.469429,228.10.0.1,/athletics.html,304,14,USA,athletics,North America,Male
2024-05-20 09:55:02.469429,157.20.30.10,/athletics.html,200,9,UK,athletics,Europe,Female
2024-05-24 02:08:02.469429,228.10.0.1,/athletics.html,404,2,USA,athletics,North America,Female
2024-05-19 17:21:02.469429,203.0.113.0,/basketball.html,304,17,India,basketball,Asia,Male
2024-05-22 19:26:02.469429,157.20.30.10,/tennis.html,200,19,UK,tennis,Europe,Female
2024-05-19 15:41:02.469429,172.16.0.1,/images/games.jpg,200,15,Australia,games,Oceania,Female
2024-05-24 06:29:02.469429,203.0.113.195,/basketball.html,304,6,South Africa,basketball,Africa,Male
2024-05-19 06:34:02.469429,155.55.0.24,/athletics.html,304,6,Canada,athletics,North America,Female
2024-05-19 08:59:02.469429,228.10.0.1,/index.html,304,8,USA,index,North America,Male
2024-05-22 00:23:02.469429,203.0.113.195,/tennis.html,200,0,South Africa,tennis,Africa,Female
2024-05-22 05:16:02.469429,157.20.30.10,/index.html,304,5,UK,index,Europe,Male
2024-05-22 22:24:02.469429,155.55.0.24,/swimming.html,200,22,Canada,swimming,North America,Male
2024-05-23 22:13:02.469429,120.25.45.67,/images/games.jpg,200,22,Japan,games,Asia,Male
2024-05-22 05:22:02.469429,89.23.45.67,/images/games.jpg,200,5,Germany,games,Europe,Male
2024-05-23 11:38:02.469429,203.0.113.0,/searchsports.php,200,11,India,searchsports,Asia,Male
2024-05-20 12:56:02.469429,89.23.45.67,/tennis.html,304,12,Germany,tennis,Europe,Female
2024-05-19 22:46:02.469429,120.25.45.67,/images/games.jpg,404,22,Japan,games,Asia,Male
2024-05-23 00:32:02.469429,201.24.35.67,/tennis.html,404,0,Brazil,tennis,South America,Male
2024-05-19 19:03:02.469429,89.23.45.67,/football.html,404,19,Germany,football,Europe,Male
2024-05-22 17:38:02.469429,203.0.113.195,/athletics.html,304,17,South Africa,athletics,Africa,Male
2024-05-19 05:00:02.469429,203.0.113.0,/basketball.html,304,5,India,basketball,Asia,Male
2024-05-20 03:30:02.469429,120.25.45.67,/football.html,200,3,Japan,football,Asia,Male
2024-05-24 13:00:02.469429,228.10.0.1,/index.html,200,13,USA,index,North America,Male
2024-05-19 13:14:02.469429,54.240.196.186,/images/games.jpg,200,13,Netherlands,games,Europe,Female
2024-05-22 05:47:02.469429,54.240.196.186,/football.html,404,5,Netherlands,football,Europe,Male
2024-05-20 04:18:02.469429,203.0.113.195,/index.html,200,4,South Africa,index,Africa,Female
2024-05-24 16:20:02.469429,89.23.45.67,/athletics.html,200,16,Germany,athletics,Europe,Male
2024-05-24 22:12:02.469429,201.24.35.67,/football.html,200,22,Brazil,football,South America,Female
2024-05-23 08:21:02.469429,155.55.0.24,/images/games.jpg,304,8,Canada,games,North America,Female
2024-05-24 04:20:02.469429,172.16.0.1,/athletics.html,200,4,Australia,athletics,Oceania,Female
2024-05-21 19:43:02.469429,203.0.113.0,/tennis.html,200,19,India,tennis,Asia,Male
2024-05-18 23:12:02.469429,201.24.35.67,/football.html,404,23,Brazil,football,South America,Male
2024-05-20 04:52:02.469429,203.0.113.195,/athletics.html,304,4,South Africa,athletics,Africa,Male
2024-05-24 08:49:02.469429,157.20.30.10,/football.html,200,8,UK,football,Europe,Male
2024-05-20 11:49:02.469429,157.20.30.10,/searchsports.php,200,11,UK,searchsports,Europe,Male
2024-05-22 19:49:02.469429,155.55.0.24,/swimming.html,200,19,Canada,swimming,North America,Male
2024-05-21 13:25:02.469429,172.16.0.1,/tennis.html,404,13,Australia,tennis,Oceania,Male
2024-05-23 13:25:02.469429,89.23.45.67,/basketball.html,200,13,Germany,basketball,Europe,Female
2024-05-21 23:04:02.469429,172.16.0.1,/swimming.html,200,23,Australia,swimming,Oceania,Male
2024-05-19 22:10:02.469429,155.55.0.24,/images/games.jpg,200,22,Canada,games,North America,Male
2024-05-21 02:47:02.469429,201.24.35.67,/athletics.html,200,2,Brazil,athletics,South America,Male
2024-05-19 15:13:02.469429,157.20.30.10,/tennis.html,304,15,UK,tennis,Europe,Female
2024-05-18 07:49:02.469429,89.23.45.67,/searchsports.php,304,7,Germany,searchsports,Europe,Male
2024-05-21 00:24:02.469429,157.20.30.10,/index.html,200,0,UK,index,Europe,Female
2024-05-22 12:04:02.469429,203.0.113.0,/football.html,404,12,India,football,Asia,Female
2024-05-18 08:01:02.469429,172.16.0.1,/images/games.jpg,304,8,Australia,games,Oceania,Female
2024-05-18 13:00:02.469429,155.55.0.24,/basketball.html,404,13,Canada,basketball,North America,Male
2024-05-21 02:55:02.469429,155.55.0.24,/athletics.html,200,2,Canada,athletics,North America,Male
2024-05-24 17:58:02.469429,54.240.196.186,/football.html,404,17,Netherlands,football,Europe,Female
2024-05-23 15:15:02.469429,228.10.0.1,/tennis.html,404,15,USA,tennis,North America,Male
2024-05-22 14:44:02.469429,89.23.45.67,/index.html,404,14,Germany,index,Europe,Female
2024-05-18 06:24:02.469429,228.10.0.1,/index.html,304,6,USA,index,North America,Male
2024-05-20 05:00:02.469429,228.10.0.1,/tennis.html,404,5,USA,tennis,North America,Female
2024-05-21 06:09:02.469429,157.20.30.10,/basketball.html,404,6,UK,basketball,Europe,Male
2024-05-20 11:34:02.469429,54.240.196.186,/images/games.jpg,200,11,Netherlands,games,Europe,Male
2024-05-18 10:52:02.469429,89.23.45.67,/football.html,200,10,Germany,football,Europe,Male
2024-05-20 11:11:02.469429,228.10.0.1,/swimming.html,200,11,USA,swimming,North America,Female
2024-05-24 02:15:02.469429,201.24.35.67,/tennis.html,200,2,Brazil,tennis,South America,Female
2024-05-18 23:30:02.469429,54.240.196.186,/athletics.html,200,23,Netherlands,athletics,Europe,Female
2024-05-21 19:52:02.469429,172.16.0.1,/athletics.html,200,19,Australia,athletics,Oceania,Male
2024-05-22 21:24:02.469429,172.16.0.1,/images/games.jpg,200,21,Australia,games,Oceania,Female
2024-05-20 07:58:02.469429,228.10.0.1,/index.html,304,7,USA,index,North America,Male
2024-05-23 11:43:02.469429,203.0.113.0,/index.html,404,11,India,index,Asia,Female
2024-05-22 23:00:02.469429,203.0.113.0,/searchsports.php,200,23,India,searchsports,Asia,Female
2024-05-20 11:30:02.469429,89.23.45.67,/images/games.jpg,200,11,Germany,games,Europe,Female
2024-05-24 13:39:02.469429,203.0.113.0,/searchsports.php,304,13,India,searchsports,Asia,Female
2024-05-22 13:01:02.469429,203.0.113.195,/swimming.html,404,13,South Africa,swimming,Africa,Female
2024-05-19 19:26:02.469429,89.23.45.67,/index.html,200,19,Germany,index,Europe,Male
2024-05-21 21:34:02.469429,203.0.113.0,/basketball.html,304,21,India,basketball,Asia,Female
2024-05-24 20:45:02.469429,155.55.0.24,/swimming.html,200,20,Canada,swimming,North America,Female
2024-05-19 11:43:02.469429,201.24.35.67,/index.html,404,11,Brazil,index,South America,Male
2024-05-24 16:11:02.469429,172.16.0.1,/basketball.html,200,16,Australia,basketball,Oceania,Female
2024-05-24 15:47:02.469429,54.240.196.186,/index.html,304,15,Netherlands,index,Europe,Female
2024-05-19 00:34:02.469429,155.55.0.24,/tennis.html,200,0,Canada,tennis,North America,Female
2024-05-18 04:27:02.469429,89.23.45.67,/tennis.html,304,4,Germany,tennis,Europe,Female
2024-05-24 12:57:02.469429,54.240.196.186,/index.html,200,12,Netherlands,index,Europe,Female
2024-05-22 23:29:02.469429,155.55.0.24,/index.html,200,23,Canada,index,North America,Female
2024-05-22 02:25:02.469429,172.16.0.1,/images/games.jpg,200,2,Australia,games,Oceania,Male
2024-05-20 03:55:02.469429,89.23.45.67,/swimming.html,304,3,Germany,swimming,Europe,Male
2024-05-20 17:20:02.469429,228.10.0.1,/tennis.html,404,17,USA,tennis,North America,Female
2024-05-19 04:54:02.469429,203.0.113.0,/swimming.html,200,4,India,swimming,Asia,Female
2024-05-23 09:32:02.469429,54.240.196.186,/searchsports.php,304,9,Netherlands,searchsports,Europe,Female
2024-05-22 13:42:02.469429,201.24.35.67,/athletics.html,304,13,Brazil,athletics,South America,Male
2024-05-20 17:04:02.469429,172.16.0.1,/swimming.html,304,17,Australia,swimming,Oceania,Female
2024-05-19 02:45:02.469429,172.16.0.1,/swimming.html,404,2,Australia,swimming,Oceania,Male
2024-05-24 01:26:02.469429,89.23.45.67,/football.html,200,1,Germany,football,Europe,Female
2024-05-23 15:08:02.469429,120.25.45.67,/index.html,404,15,Japan,index,Asia,Male
2024-05-22 02:52:02.469429,228.10.0.1,/tennis.html,200,2,USA,tennis,North America,Female
2024-05-20 15:14:02.469429,228.10.0.1,/athletics.html,404,15,USA,athletics,North America,Male
2024-05-19 01:56:02.469429,228.10.0.1,/basketball.html,404,1,USA,basketball,North America,Male
2024-05-24 06:40:02.469429,120.25.45.67,/basketball.html,404,6,Japan,basketball,Asia,Male
2024-05-24 02:46:02.469429,203.0.113.0,/searchsports.php,404,2,India,searchsports,Asia,Male
2024-05-18 20:48:02.469429,172.16.0.1,/searchsports.php,304,20,Australia,searchsports,Oceania,Male
2024-05-24 05:18:02.469429,228.10.0.1,/tennis.html,404,5,USA,tennis,North America,Female
2024-05-18 01:00:02.469429,172.16.0.1,/images/games.jpg,404,1,Australia,games,Oceania,Male
2024-05-23 13:07:02.469429,120.25.45.67,/swimming.html,304,13,Japan,swimming,Asia,Male
2024-05-20 07:54:02.469429,89.23.45.67,/swimming.html,200,7,Germany,swimming,Europe,Male
2024-05-21 02:57:02.469429,228.10.0.1,/images/games.jpg,304,2,USA,games,North America,Female
2024-05-18 18:48:02.469429,172.16.0.1,/tennis.html,304,18,Australia,tennis,Oceania,Female
2024-05-23 11:24:02.469429,201.24.35.67,/football.html,200,11,Brazil,football,South America,Female
2024-05-19 04:41:02.469429,89.23.45.67,/tennis.html,404,4,Germany,tennis,Europe,Female
2024-05-21 13:02:02.469429,157.20.30.10,/tennis.html,304,13,UK,tennis,Europe,Male
2024-05-22 12:56:02.469429,203.0.113.195,/tennis.html,404,12,South Africa,tennis,Africa,Female
2024-05-24 04:07:02.469429,157.20.30.10,/index.html,404,4,UK,index,Europe,Female
2024-05-22 11:52:02.469429,203.0.113.195,/football.html,404,11,South Africa,football,Africa,Male
2024-05-18 21:35:02.469429,203.0.113.0,/athletics.html,200,21,India,athletics,Asia,Female
2024-05-22 04:11:02.469429,228.10.0.1,/tennis.html,404,4,USA,tennis,North America,Female
2024-05-22 13:17:02.469429,201.24.35.67,/swimming.html,304,13,Brazil,swimming,South America,Male
2024-05-18 05:38:02.469429,157.20.30.10,/index.html,404,5,UK,index,Europe,Male
2024-05-23 14:25:02.469429,157.20.30.10,/index.html,404,14,UK,index,Europe,Female
2024-05-19 10:39:02.469429,201.24.35.67,/tennis.html,404,10,Brazil,tennis,South America,Male
2024-05-21 22:44:02.469429,228.10.0.1,/searchsports.php,404,22,USA,searchsports,North America,Female
2024-05-23 12:54:02.469429,157.20.30.10,/searchsports.php,304,12,UK,searchsports,Europe,Male
2024-05-22 21:50:02.469429,201.24.35.67,/football.html,304,21,Brazil,football,South America,Male
2024-05-23 00:22:02.469429,203.0.113.0,/index.html,304,0,India,index,Asia,Male
2024-05-23 23:33:02.469429,89.23.45.67,/swimming.html,304,23,Germany,swimming,Europe,Male
2024-05-21 11:29:02.469429,203.0.113.195,/basketball.html,404,11,South Africa,basketball,Africa,Male
2024-05-23 13:51:02.469429,155.55.0.24,/athletics.html,304,13,Canada,athletics,North America,Male
2024-05-19 03:50:02.469429,54.240.196.186,/images/games.jpg,404,3,Netherlands,games,Europe,Male
2024-05-21 17:55:02.469429,203.0.113.0,/athletics.html,304,17,India,athletics,Asia,Female
2024-05-20 22:01:02.469429,203.0.113.195,/index.html,404,22,South Africa,index,Africa,Male
2024-05-23 10:22:02.469429,155.55.0.24,/swimming.html,200,10,Canada,swimming,North America,Male
2024-05-18 12:31:02.469429,172.16.0.1,/athletics.html,404,12,Australia,athletics,Oceania,Male
2024-05-21 17:35:02.469429,228.10.0.1,/index.html,404,17,USA,index,North America,Male
2024-05-21 09:29:02.469429,120.25.45.67,/basketball.html,200,9,Japan,basketball,Asia,Male
2024-05-19 09:20:02.469429,203.0.113.195,/images/games.jpg,404,9,South Africa,games,Africa,Female
2024-05-18 08:36:02.469429,120.25.45.67,/athletics.html,304,8,Japan,athletics,Asia,Male
2024-05-20 03:42:02.469429,89.23.45.67,/football.html,304,3,Germany,football,Europe,Male
2024-05-20 11:12:02.469429,203.0.113.0,/index.html,304,11,India,index,Asia,Male
2024-05-24 15:33:02.469429,228.10.0.1,/football.html,404,15,USA,football,North America,Male
2024-05-20 13:18:02.469429,172.16.0.1,/swimming.html,404,13,Australia,swimming,Oceania,Female
2024-05-24 13:57:02.469429,228.10.0.1,/football.html,304,13,USA,football,North America,Female
2024-05-19 19:44:02.469429,228.10.0.1,/basketball.html,200,19,USA,basketball,North America,Male
2024-05-23 18:57:02.469429,155.55.0.24,/images/games.jpg,404,18,Canada,games,North America,Male
2024-05-23 04:19:02.469429,172.16.0.1,/basketball.html,200,4,Australia,basketball,Oceania,Female
2024-05-23 22:53:02.469429,155.55.0.24,/tennis.html,200,22,Canada,tennis,North America,Female
2024-05-19 07:50:02.469429,228.10.0.1,/tennis.html,200,7,USA,tennis,North America,Female
2024-05-20 06:12:02.469429,228.10.0.1,/basketball.html,404,6,USA,basketball,North America,Male
2024-05-18 20:24:02.469429,228.10.0.1,/athletics.html,200,20,USA,athletics,North America,Male
2024-05-22 19:19:02.469429,54.240.196.186,/images/games.jpg,404,19,Netherlands,games,Europe,Male
2024-05-23 21:42:02.469429,203.0.113.195,/searchsports.php,200,21,South Africa,searchsports,Africa,Female
2024-05-18 08:25:02.469429,54.240.196.186,/football.html,200,8,Netherlands,football,Europe,Male
2024-05-21 17:24:02.469429,157.20.30.10,/swimming.html,404,17,UK,swimming,Europe,Female
2024-05-18 07:41:02.469429,157.20.30.10,/basketball.html,200,7,UK,basketball,Europe,Male
2024-05-22 04:08:02.469429,203.0.113.195,/index.html,404,4,South Africa,index,Africa,Male
2024-05-19 22:12:02.469429,172.16.0.1,/athletics.html,200,22,Australia,athletics,Oceania,Male
2024-05-20 09:07:02.469429,155.55.0.24,/images/games.jpg,304,9,Canada,games,North America,Female
2024-05-23 03:40:02.469429,157.20.30.10,/football.html,304,3,UK,football,Europe,Female
2024-05-18 20:02:02.469429,155.55.0.24,/athletics.html,200,20,Canada,athletics,North America,Female
2024-05-24 05:37:02.469429,203.0.113.0,/swimming.html,404,5,India,swimming,Asia,Female
2024-05-23 16:05:02.469429,172.16.0.1,/images/games.jpg,200,16,Australia,games,Oceania,Female
2024-05-23 06:38:02.469429,228.10.0.1,/searchsports.php,404,6,USA,searchsports,North America,Male
2024-05-21 03:03:02.469429,203.0.113.0,/tennis.html,404,3,India,tennis,Asia,Female
2024-05-18 23:35:02.469429,203.0.113.0,/index.html,404,23,India,index,Asia,Female
2024-05-21 16:52:02.469429,203.0.113.0,/football.html,404,16,India,football,Asia,Female
2024-05-18 13:48:02.469429,203.0.113.0,/swimming.html,404,13,India,swimming,Asia,Female
2024-05-24 16:27:02.469429,203.0.113.0,/swimming.html,304,16,India,swimming,Asia,Male
2024-05-19 06:09:02.469429,203.0.113.0,/swimming.html,200,6,India,swimming,Asia,Female
2024-05-21 13:11:02.469429,54.240.196.186,/athletics.html,200,13,Netherlands,athletics,Europe,Female
2024-05-19 02:04:02.469429,155.55.0.24,/swimming.html,304,2,Canada,swimming,North America,Male
2024-05-20 21:09:02.469429,54.240.196.186,/basketball.html,200,21,Netherlands,basketball,Europe,Male
2024-05-24 06:58:02.469429,155.55.0.24,/basketball.html,200,6,Canada,basketball,North America,Male
2024-05-18 09:24:02.469429,89.23.45.67,/basketball.html,304,9,Germany,basketball,Europe,Male
2024-05-22 17:31:02.469429,203.0.113.0,/images/games.jpg,304,17,India,games,Asia,Male
2024-05-20 21:43:02.469429,157.20.30.10,/tennis.html,304,21,UK,tennis,Europe,Female
2024-05-24 00:48:02.469429,54.240.196.186,/athletics.html,200,0,Netherlands,athletics,Europe,Female
2024-05-21 10:19:02.469429,89.23.45.67,/images/games.jpg,404,10,Germany,games,Europe,Male
2024-05-23 10:10:02.469429,203.0.113.0,/tennis.html,200,10,India,tennis,Asia,Female
2024-05-20 17:23:02.469429,120.25.45.67,/football.html,304,17,Japan,football,Asia,Female
2024-05-21 20:56:02.469429,120.25.45.67,/football.html,304,20,Japan,football,Asia,Female
2024-05-21 08:33:02.469429,203.0.113.195,/images/games.jpg,200,8,South Africa,games,Africa,Male
2024-05-20 11:40:02.469429,201.24.35.67,/football.html,304,11,Brazil,football,South America,Female
2024-05-21 07:47:02.469429,54.240.196.186,/basketball.html,200,7,Netherlands,basketball,Europe,Female
2024-05-18 11:09:02.469429,54.240.196.186,/images/games.jpg,404,11,Netherlands,games,Europe,Male
2024-05-20 00:51:02.469429,157.20.30.10,/index.html,404,0,UK,index,Europe,Male
2024-05-19 14:35:02.469429,54.240.196.186,/basketball.html,304,14,Netherlands,basketball,Europe,Female
2024-05-23 17:25:02.469429,203.0.113.0,/index.html,200,17,India,index,Asia,Male
2024-05-23 04:37:02.469429,155.55.0.24,/basketball.html,404,4,Canada,basketball,North America,Female
2024-05-21 16:54:02.469429,54.240.196.186,/tennis.html,404,16,Netherlands,tennis,Europe,Male
2024-05-19 23:25:02.469429,172.16.0.1,/tennis.html,200,23,Australia,tennis,Oceania,Female
2024-05-24 20:23:02.469429,172.16.0.1,/images/games.jpg,304,20,Australia,games,Oceania,Male
2024-05-24 16:36:02.469429,201.24.35.67,/tennis.html,304,16,Brazil,tennis,South America,Male
2024-05-21 00:42:02.469429,89.23.45.67,/images/games.jpg,200,0,Germany,games,Europe,Female
2024-05-21 06:05:02.469429,203.0.113.195,/searchsports.php,200,6,South Africa,searchsports,Africa,Female
2024-05-23 00:35:02.469429,201.24.35.67,/football.html,304,0,Brazil,football,South America,Female
2024-05-22 13:54:02.469429,203.0.113.0,/basketball.html,304,13,India,basketball,Asia,Male
2024-05-23 10:10:02.469429,172.16.0.1,/swimming.html,200,10,Australia,swimming,Oceania,Male
2024-05-22 07:30:02.469429,120.25.45.67,/basketball.html,200,7,Japan,basketball,Asia,Female
2024-05-23 05:53:02.469429,203.0.113.0,/swimming.html,200,5,India,swimming,Asia,Male
2024-05-22 14:42:02.469429,120.25.45.67,/swimming.html,200,14,Japan,swimming,Asia,Female
2024-05-20 21:51:02.469429,120.25.45.67,/swimming.html,304,21,Japan,swimming,Asia,Male
2024-05-19 03:46:02.469429,203.0.113.0,/athletics.html,200,3,India,athletics,Asia,Male
2024-05-21 21:32:02.469429,155.55.0.24,/basketball.html,404,21,Canada,basketball,North America,Male
2024-05-21 10:10:02.469429,203.0.113.195,/index.html,404,10,South Africa,index,Africa,Male
2024-05-23 19:12:02.469429,228.10.0.1,/athletics.html,200,19,USA,athletics,North America,Male
2024-05-24 19:02:02.469429,172.16.0.1,/basketball.html,200,19,Australia,basketball,Oceania,Male
2024-05-23 23:24:02.469429,120.25.45.67,/basketball.html,200,23,Japan,basketball,Asia,Female
2024-05-21 12:31:02.469429,89.23.45.67,/images/games.jpg,304,12,Germany,games,Europe,Female
2024-05-23 13:52:02.469429,89.23.45.67,/searchsports.php,200,13,Germany,searchsports,Europe,Female
2024-05-22 00:47:02.469429,228.10.0.1,/athletics.html,304,0,USA,athletics,North America,Male
2024-05-23 09:23:02.469429,157.20.30.10,/basketball.html,304,9,UK,basketball,Europe,Male
2024-05-24 19:01:02.469429,228.10.0.1,/searchsports.php,304,19,USA,searchsports,North America,Male
2024-05-24 11:57:02.469429,155.55.0.24,/searchsports.php,200,11,Canada,searchsports,North America,Male
2024-05-19 19:33:02.469429,228.10.0.1,/index.html,404,19,USA,index,North America,Female
2024-05-19 02:10:02.469429,89.23.45.67,/football.html,404,2,Germany,football,Europe,Male
2024-05-24 16:54:02.469429,120.25.45.67,/index.html,200,16,Japan,index,Asia,Male
2024-05-24 14:55:02.469429,203.0.113.0,/swimming.html,304,14,India,swimming,Asia,Male
2024-05-24 14:35:02.469429,203.0.113.0,/basketball.html,304,14,India,basketball,Asia,Female
2024-05-21 18:46:02.469429,157.20.30.10,/tennis.html,404,18,UK,tennis,Europe,Male
2024-05-19 18:27:02.469429,203.0.113.0,/basketball.html,200,18,India,basketball,Asia,Male
2024-05-24 04:05:02.469429,172.16.0.1,/images/games.jpg,200,4,Australia,games,Oceania,Male
2024-05-21 05:48:02.469429,172.16.0.1,/images/games.jpg,404,5,Australia,games,Oceania,Female
2024-05-18 03:46:02.469429,120.25.45.67,/searchsports.php,304,3,Japan,searchsports,Asia,Male
2024-05-23 22:55:02.469429,203.0.113.195,/index.html,200,22,South Africa,index,Africa,Male
2024-05-24 12:24:02.469429,155.55.0.24,/index.html,404,12,Canada,index,North America,Male
2024-05-23 05:20:02.469429,203.0.113.195,/images/games.jpg,200,5,South Africa,games,Africa,Female
2024-05-18 21:38:02.469429,54.240.196.186,/athletics.html,200,21,Netherlands,athletics,Europe,Male
2024-05-19 04:18:02.469429,157.20.30.10,/football.html,404,4,UK,football,Europe,Female
2024-05-24 02:40:02.469429,157.20.30.10,/tennis.html,404,2,UK,tennis,Europe,Male
2024-05-22 17:35:02.469429,203.0.113.0,/index.html,200,17,India,index,Asia,Female
2024-05-19 04:07:02.469429,201.24.35.67,/images/games.jpg,304,4,Brazil,games,South America,Female
2024-05-24 08:59:02.469429,157.20.30.10,/images/games.jpg,200,8,UK,games,Europe,Female
2024-05-24 13:09:02.469429,120.25.45.67,/football.html,304,13,Japan,football,Asia,Female
2024-05-22 18:20:02.469429,54.240.196.186,/athletics.html,200,18,Netherlands,athletics,Europe,Male
2024-05-18 12:09:02.469429,155.55.0.24,/tennis.html,404,12,Canada,tennis,North America,Male
2024-05-18 11:23:02.469429,203.0.113.195,/index.html,404,11,South Africa,index,Africa,Female
2024-05-18 23:48:02.469429,228.10.0.1,/athletics.html,404,23,USA,athletics,North America,Female
2024-05-23 20:22:02.469429,89.23.45.67,/swimming.html,304,20,Germany,swimming,Europe,Male
2024-05-24 10:48:02.469429,157.20.30.10,/football.html,200,10,UK,football,Europe,Female
2024-05-23 19:48:02.469429,120.25.45.67,/index.html,304,19,Japan,index,Asia,Female
2024-05-23 12:07:02.469429,172.16.0.1,/tennis.html,404,12,Australia,tennis,Oceania,Male
2024-05-22 23:42:02.469429,155.55.0.24,/images/games.jpg,200,23,Canada,games,North America,Male
2024-05-20 09:56:02.469429,172.16.0.1,/football.html,304,9,Australia,football,Oceania,Male
2024-05-24 22:08:02.469429,120.25.45.67,/searchsports.php,304,22,Japan,searchsports,Asia,Female
2024-05-21 18:08:02.469429,89.23.45.67,/tennis.html,404,18,Germany,tennis,Europe,Female
2024-05-20 21:30:02.469429,228.10.0.1,/images/games.jpg,200,21,USA,games,North America,Female
2024-05-19 08:08:02.469429,203.0.113.0,/searchsports.php,404,8,India,searchsports,Asia,Male
2024-05-24 12:44:02.469429,157.20.30.10,/tennis.html,404,12,UK,tennis,Europe,Male
2024-05-22 23:37:02.469429,203.0.113.0,/searchsports.php,200,23,India,searchsports,Asia,Female
2024-05-18 16:39:02.469429,228.10.0.1,/searchsports.php,404,16,USA,searchsports,North America,Female
2024-05-19 07:35:02.469429,203.0.113.195,/athletics.html,200,7,South Africa,athletics,Africa,Female
2024-05-24 16:26:02.469429,54.240.196.186,/searchsports.php,200,16,Netherlands,searchsports,Europe,Male
2024-05-18 15:47:02.469429,228.10.0.1,/basketball.html,200,15,USA,basketball,North America,Female
2024-05-20 01:30:02.469429,155.55.0.24,/swimming.html,304,1,Canada,swimming,North America,Female
2024-05-22 03:08:02.469429,54.240.196.186,/swimming.html,404,3,Netherlands,swimming,Europe,Male
2024-05-18 13:49:02.469429,203.0.113.0,/athletics.html,304,13,India,athletics,Asia,Male
2024-05-21 11:05:02.469429,172.16.0.1,/football.html,304,11,Australia,football,Oceania,Male
2024-05-24 16:32:02.469429,89.23.45.67,/index.html,200,16,Germany,index,Europe,Male
2024-05-21 17:00:02.469429,54.240.196.186,/index.html,200,17,Netherlands,index,Europe,Female
2024-05-19 21:05:02.469429,155.55.0.24,/swimming.html,404,21,Canada,swimming,North America,Female
2024-05-23 08:02:02.469429,54.240.196.186,/football.html,304,8,Netherlands,football,Europe,Male
2024-05-23 15:15:02.469429,120.25.45.67,/swimming.html,200,15,Japan,swimming,Asia,Female
2024-05-24 01:21:02.469429,120.25.45.67,/swimming.html,404,1,Japan,swimming,Asia,Male
2024-05-21 02:36:02.469429,54.240.196.186,/images/games.jpg,304,2,Netherlands,games,Europe,Male
2024-05-20 13:55:02.469429,157.20.30.10,/athletics.html,304,13,UK,athletics,Europe,Female
2024-05-21 19:01:02.469429,203.0.113.195,/searchsports.php,404,19,South Africa,searchsports,Africa,Male
2024-05-24 03:50:02.469429,120.25.45.67,/football.html,200,3,Japan,football,Asia,Male
2024-05-20 13:04:02.469429,120.25.45.67,/swimming.html,304,13,Japan,swimming,Asia,Female
2024-05-22 04:15:02.469429,54.240.196.186,/images/games.jpg,304,4,Netherlands,games,Europe,Female
2024-05-21 16:24:02.469429,228.10.0.1,/swimming.html,304,16,USA,swimming,North America,Male
2024-05-18 01:08:02.469429,157.20.30.10,/tennis.html,404,1,UK,tennis,Europe,Male
2024-05-19 04:04:02.469429,203.0.113.195,/athletics.html,304,4,South Africa,athletics,Africa,Male
2024-05-23 14:55:02.469429,203.0.113.0,/basketball.html,304,14,India,basketball,Asia,Male
2024-05-23 06:23:02.469429,89.23.45.67,/searchsports.php,404,6,Germany,searchsports,Europe,Male
2024-05-24 09:54:02.469429,201.24.35.67,/index.html,200,9,Brazil,index,South America,Male
2024-05-19 18:00:02.469429,203.0.113.0,/tennis.html,304,18,India,tennis,Asia,Female
2024-05-20 04:36:02.469429,157.20.30.10,/tennis.html,404,4,UK,tennis,Europe,Male
2024-05-20 14:07:02.469429,54.240.196.186,/tennis.html,304,14,Netherlands,tennis,Europe,Male
2024-05-24 15:30:02.469429,172.16.0.1,/index.html,304,15,Australia,index,Oceania,Female
2024-05-23 11:25:02.469429,203.0.113.195,/searchsports.php,404,11,South Africa,searchsports,Africa,Female
2024-05-19 01:16:02.469429,172.16.0.1,/athletics.html,304,1,Australia,athletics,Oceania,Male
2024-05-20 21:44:02.469429,89.23.45.67,/athletics.html,304,21,Germany,athletics,Europe,Male
2024-05-19 17:48:02.469429,120.25.45.67,/searchsports.php,200,17,Japan,searchsports,Asia,Male
2024-05-20 00:13:02.469429,155.55.0.24,/searchsports.php,200,0,Canada,searchsports,North America,Male
2024-05-20 16:20:02.469429,54.240.196.186,/football.html,404,16,Netherlands,football,Europe,Male
2024-05-20 15:51:02.469429,157.20.30.10,/images/games.jpg,200,15,UK,games,Europe,Male
2024-05-22 03:05:02.469429,201.24.35.67,/athletics.html,404,3,Brazil,athletics,South America,Female
2024-05-19 03:25:02.469429,157.20.30.10,/images/games.jpg,304,3,UK,games,Europe,Male
2024-05-22 22:17:02.469429,203.0.113.195,/athletics.html,200,22,South Africa,athletics,Africa,Male
2024-05-21 21:48:02.469429,89.23.45.67,/searchsports.php,200,21,Germany,searchsports,Europe,Female
2024-05-18 16:39:02.469429,203.0.113.195,/searchsports.php,200,16,South Africa,searchsports,Africa,Female
2024-05-21 07:10:02.469429,54.240.196.186,/searchsports.php,404,7,Netherlands,searchsports,Europe,Male
2024-05-18 21:40:02.469429,201.24.35.67,/images/games.jpg,304,21,Brazil,games,South America,Female
2024-05-20 07:03:02.469429,172.16.0.1,/searchsports.php,200,7,Australia,searchsports,Oceania,Male
2024-05-22 01:43:02.469429,203.0.113.0,/basketball.html,304,1,India,basketball,Asia,Male
2024-05-20 23:16:02.469429,203.0.113.195,/basketball.html,304,23,South Africa,basketball,Africa,Female
2024-05-21 16:25:02.469429,172.16.0.1,/basketball.html,200,16,Australia,basketball,Oceania,Male
2024-05-20 17:11:02.469429,172.16.0.1,/images/games.jpg,404,17,Australia,games,Oceania,Female
2024-05-19 11:12:02.469429,203.0.113.195,/images/games.jpg,304,11,South Africa,games,Africa,Female
2024-05-21 22:35:02.469429,89.23.45.67,/basketball.html,304,22,Germany,basketball,Europe,Male
2024-05-22 18:50:02.469429,155.55.0.24,/football.html,404,18,Canada,football,North America,Male
2024-05-24 19:13:02.469429,157.20.30.10,/images/games.jpg,404,19,UK,games,Europe,Female
2024-05-19 01:06:02.469429,201.24.35.67,/basketball.html,304,1,Brazil,basketball,South America,Male
2024-05-19 15:07:02.469429,203.0.113.195,/images/games.jpg,200,15,South Africa,games,Africa,Male
2024-05-19 09:57:02.469429,228.10.0.1,/tennis.html,200,9,USA,tennis,North America,Male
2024-05-18 17:13:02.469429,203.0.113.0,/swimming.html,404,17,India,swimming,Asia,Male
2024-05-18 22:03:02.469429,172.16.0.1,/swimming.html,304,22,Australia,swimming,Oceania,Female
2024-05-21 08:07:02.469429,54.240.196.186,/searchsports.php,404,8,Netherlands,searchsports,Europe,Male
2024-05-23 05:48:02.469429,120.25.45.67,/images/games.jpg,404,5,Japan,games,Asia,Female
2024-05-22 12:31:02.469429,89.23.45.67,/tennis.html,404,12,Germany,tennis,Europe,Male
2024-05-19 23:20:02.469429,157.20.30.10,/tennis.html,304,23,UK,tennis,Europe,Male
2024-05-24 17:45:02.469429,54.240.196.186,/swimming.html,304,17,Netherlands,swimming,Europe,Female
2024-05-22 15:29:02.469429,172.16.0.1,/football.html,200,15,Australia,football,Oceania,Male
2024-05-24 03:55:02.469429,89.23.45.67,/index.html,200,3,Germany,index,Europe,Male
2024-05-21 17:36:02.469429,203.0.113.0,/athletics.html,200,17,India,athletics,Asia,Female
2024-05-22 23:00:02.469429,89.23.45.67,/tennis.html,304,23,Germany,tennis,Europe,Male
2024-05-24 05:57:02.469429,155.55.0.24,/searchsports.php,304,5,Canada,searchsports,North America,Male
2024-05-23 11:18:02.469429,228.10.0.1,/tennis.html,404,11,USA,tennis,North America,Male
2024-05-19 07:24:02.469429,203.0.113.0,/index.html,404,7,India,index,Asia,Male
2024-05-18 14:12:02.469429,203.0.113.0,/swimming.html,404,14,India,swimming,Asia,Female
2024-05-22 19:07:02.469429,54.240.196.186,/athletics.html,200,19,Netherlands,athletics,Europe,Male
2024-05-22 03:57:02.469429,228.10.0.1,/basketball.html,304,3,USA,basketball,North America,Male
2024-05-18 16:34:02.469429,120.25.45.67,/images/games.jpg,200,16,Japan,games,Asia,Male
2024-05-22 15:47:02.469429,120.25.45.67,/football.html,200,15,Japan,football,Asia,Female
2024-05-20 11:33:02.469429,89.23.45.67,/searchsports.php,404,11,Germany,searchsports,Europe,Male
2024-05-20 20:22:02.469429,203.0.113.195,/index.html,404,20,South Africa,index,Africa,Male
2024-05-20 03:59:02.469429,228.10.0.1,/tennis.html,304,3,USA,tennis,North America,Female
2024-05-18 05:06:02.469429,201.24.35.67,/index.html,404,5,Brazil,index,South America,Female
2024-05-23 17:19:02.469429,172.16.0.1,/football.html,404,17,Australia,football,Oceania,Female
2024-05-18 10:37:02.469429,155.55.0.24,/index.html,304,10,Canada,index,North America,Male
2024-05-20 23:09:02.469429,54.240.196.186,/swimming.html,304,23,Netherlands,swimming,Europe,Male
2024-05-18 11:04:02.469429,201.24.35.67,/images/games.jpg,404,11,Brazil,games,South America,Male
2024-05-20 00:20:02.469429,203.0.113.195,/tennis.html,304,0,South Africa,tennis,Africa,Male
2024-05-20 07:04:02.469429,203.0.113.0,/athletics.html,304,7,India,athletics,Asia,Male
2024-05-19 19:08:02.469429,120.25.45.67,/athletics.html,404,19,Japan,athletics,Asia,Female
2024-05-21 19:46:02.469429,54.240.196.186,/searchsports.php,200,19,Netherlands,searchsports,Europe,Female
2024-05-20 20:11:02.469429,155.55.0.24,/index.html,200,20,Canada,index,North America,Male
2024-05-18 04:05:02.469429,203.0.113.0,/tennis.html,200,4,India,tennis,Asia,Female
2024-05-18 03:06:02.469429,54.240.196.186,/athletics.html,404,3,Netherlands,athletics,Europe,Female
2024-05-24 10:35:02.469429,120.25.45.67,/index.html,304,10,Japan,index,Asia,Female
2024-05-21 00:50:02.469429,172.16.0.1,/basketball.html,404,0,Australia,basketball,Oceania,Male
2024-05-19 22:11:02.469429,157.20.30.10,/images/games.jpg,200,22,UK,games,Europe,Male
2024-05-18 19:00:02.469429,157.20.30.10,/images/games.jpg,200,19,UK,games,Europe,Female
2024-05-19 07:30:02.469429,228.10.0.1,/searchsports.php,200,7,USA,searchsports,North America,Male
2024-05-21 02:18:02.469429,155.55.0.24,/searchsports.php,404,2,Canada,searchsports,North America,Male
2024-05-18 21:08:02.469429,155.55.0.24,/searchsports.php,304,21,Canada,searchsports,North America,Male
2024-05-22 18:46:02.469429,172.16.0.1,/tennis.html,304,18,Australia,tennis,Oceania,Female
2024-05-19 22:45:02.469429,89.23.45.67,/images/games.jpg,404,22,Germany,games,Europe,Female
2024-05-22 05:22:02.469429,157.20.30.10,/swimming.html,304,5,UK,swimming,Europe,Female
2024-05-21 00:43:02.469429,203.0.113.195,/searchsports.php,200,0,South Africa,searchsports,Africa,Male
2024-05-19 10:45:02.469429,157.20.30.10,/basketball.html,200,10,UK,basketball,Europe,Female
2024-05-22 07:03:02.469429,89.23.45.67,/athletics.html,404,7,Germany,athletics,Europe,Male
2024-05-21 00:57:02.469429,120.25.45.67,/searchsports.php,404,0,Japan,searchsports,Asia,Male
2024-05-19 18:12:02.469429,155.55.0.24,/football.html,404,18,Canada,football,North America,Female
2024-05-21 14:23:02.469429,228.10.0.1,/athletics.html,404,14,USA,athletics,North America,Male
2024-05-19 20:17:02.469429,54.240.196.186,/swimming.html,304,20,Netherlands,swimming,Europe,Female
2024-05-23 16:01:02.469429,54.240.196.186,/basketball.html,200,16,Netherlands,basketball,Europe,Male
2024-05-20 01:14:02.469429,203.0.113.195,/swimming.html,304,1,South Africa,swimming,Africa,Male
2024-05-18 21:13:02.469429,54.240.196.186,/tennis.html,200,21,Netherlands,tennis,Europe,Female
2024-05-24 10:00:02.469429,54.240.196.186,/searchsports.php,404,10,Netherlands,searchsports,Europe,Female
2024-05-20 19:55:02.469429,228.10.0.1,/tennis.html,404,19,USA,tennis,North America,Male
2024-05-20 22:53:02.469429,203.0.113.195,/searchsports.php,404,22,South Africa,searchsports,Africa,Female
2024-05-20 02:06:02.469429,120.25.45.67,/swimming.html,404,2,Japan,swimming,Asia,Female
2024-05-20 14:34:02.469429,157.20.30.10,/football.html,404,14,UK,football,Europe,Male
2024-05-21 20:59:02.469429,155.55.0.24,/basketball.html,404,20,Canada,basketball,North America,Female
2024-05-24 02:41:02.469429,54.240.196.186,/images/games.jpg,304,2,Netherlands,games,Europe,Female
2024-05-18 02:48:02.469429,172.16.0.1,/swimming.html,304,2,Australia,swimming,Oceania,Male
2024-05-24 16:25:02.469429,201.24.35.67,/index.html,304,16,Brazil,index,South America,Female
2024-05-22 04:30:02.469429,155.55.0.24,/swimming.html,404,4,Canada,swimming,North America,Male
2024-05-20 18:14:02.469429,201.24.35.67,/index.html,304,18,Brazil,index,South America,Female
2024-05-22 22:25:02.469429,172.16.0.1,/football.html,404,22,Australia,football,Oceania,Female
2024-05-21 08:48:02.469429,89.23.45.67,/images/games.jpg,200,8,Germany,games,Europe,Male
2024-05-23 10:52:02.469429,228.10.0.1,/searchsports.php,404,10,USA,searchsports,North America,Female
2024-05-18 01:23:02.469429,89.23.45.67,/swimming.html,404,1,Germany,swimming,Europe,Female
2024-05-20 09:05:02.469429,172.16.0.1,/athletics.html,404,9,Australia,athletics,Oceania,Female
2024-05-23 21:15:02.469429,54.240.196.186,/football.html,200,21,Netherlands,football,Europe,Female
2024-05-24 13:32:02.469429,54.240.196.186,/searchsports.php,200,13,Netherlands,searchsports,Europe,Male
2024-05-22 10:34:02.469429,89.23.45.67,/football.html,200,10,Germany,football,Europe,Male
2024-05-19 13:34:02.469429,203.0.113.0,/index.html,404,13,India,index,Asia,Female
2024-05-21 08:42:02.469429,89.23.45.67,/images/games.jpg,304,8,Germany,games,Europe,Male
2024-05-22 06:03:02.469429,228.10.0.1,/basketball.html,304,6,USA,basketball,North America,Male
2024-05-24 13:35:02.469429,157.20.30.10,/football.html,200,13,UK,football,Europe,Male
2024-05-20 00:09:02.469429,155.55.0.24,/tennis.html,404,0,Canada,tennis,North America,Female
2024-05-23 03:55:02.469429,54.240.196.186,/images/games.jpg,200,3,Netherlands,games,Europe,Male
2024-05-21 01:42:02.469429,203.0.113.0,/images/games.jpg,404,1,India,games,Asia,Female
2024-05-18 00:35:02.469429,120.25.45.67,/searchsports.php,404,0,Japan,searchsports,Asia,Female
2024-05-21 23:55:02.469429,228.10.0.1,/athletics.html,404,23,USA,athletics,North America,Female
2024-05-24 17:39:02.469429,157.20.30.10,/athletics.html,404,17,UK,athletics,Europe,Female
2024-05-19 21:20:02.469429,201.24.35.67,/athletics.html,200,21,Brazil,athletics,South America,Female
2024-05-19 20:35:02.469429,157.20.30.10,/index.html,200,20,UK,index,Europe,Male
2024-05-20 17:42:02.469429,203.0.113.195,/basketball.html,304,17,South Africa,basketball,Africa,Female
2024-05-18 13:32:02.469429,157.20.30.10,/football.html,200,13,UK,football,Europe,Female
2024-05-24 14:49:02.469429,120.25.45.67,/swimming.html,304,14,Japan,swimming,Asia,Female
2024-05-19 18:42:02.469429,155.55.0.24,/swimming.html,200,18,Canada,swimming,North America,Male
2024-05-24 00:09:02.469429,172.16.0.1,/images/games.jpg,404,0,Australia,games,Oceania,Male
2024-05-24 10:55:02.469429,203.0.113.0,/swimming.html,404,10,India,swimming,Asia,Male
2024-05-18 06:24:02.469429,155.55.0.24,/athletics.html,200,6,Canada,athletics,North America,Male
2024-05-24 10:13:02.469429,89.23.45.67,/swimming.html,404,10,Germany,swimming,Europe,Female
2024-05-23 00:45:02.469429,89.23.45.67,/tennis.html,200,0,Germany,tennis,Europe,Male
2024-05-22 12:12:02.469429,203.0.113.195,/swimming.html,200,12,South Africa,swimming,Africa,Female
2024-05-24 19:09:02.469429,155.55.0.24,/basketball.html,304,19,Canada,basketball,North America,Male
2024-05-19 02:04:02.469429,155.55.0.24,/swimming.html,304,2,Canada,swimming,North America,Male
2024-05-21 20:33:02.469429,228.10.0.1,/searchsports.php,304,20,USA,searchsports,North America,Male
